,Name,Speed (yards/s)
0,Aaron Donald,7.189933300192835
1,Stephon Gilmore,8.066754434362693
2,Christian McCaffrey,8.066754434362693
3,Patrick Mahomes,7.102251186775849
4,Michael Thomas,7.803708094111736
5,DeAndre Hopkins,7.979072320945707
6,J.J. Watt,6.7515227331079055
7,Zack Martin,6.05006582577202
8,George Kittle,7.7160259806947495
9,Bobby Wagner,7.540661753860777
10,Russell Wilson,7.540661753860777
11,Travis Kelce,7.452979640443792
12,Khalil Mack,7.540661753860777
13,Von Miller,7.6283438672777635
14,Julio Jones,8.066754434362693
15,Cameron Jordan,6.839204846524892
16,Fletcher Cox,6.839204846524892
17,Tyreek Hill,8.680529228281593
18,David Bakhtiari,6.137747939189005
19,Mitchell Schwartz,5.085562578185176
20,Harrison Smith,7.6283438672777635
21,Rob Gronkowski,7.102251186775849
22,Chandler Jones,6.926886959941878
23,Calais Campbell,6.313112166022977
24,Terron Armstead,7.014569073358863
25,Jalen Ramsey,7.979072320945707
26,Davante Adams,7.803708094111736
27,Lamar Jackson,8.417482888030635
28,Jason Kelce,6.400794279439962
29,Quenton Nelson,5.699337372104076
30,Drew Brees,5.8747015989380476
31,Amari Cooper,8.066754434362693
32,Brandon Brooks,6.313112166022977
33,Tyrann Mathieu,7.891390207528721
34,Ronnie Stanley,5.787019485521062
35,Myles Garrett,7.452979640443792
36,Derrick Henry,7.979072320945707
37,Rodney Hudson,5.260926805019147
38,Jamal Adams,7.979072320945707
39,Stefon Diggs,8.066754434362693
40,Richard Sherman,7.6283438672777635
41,Mike Evans,7.979072320945707
42,Ezekiel Elliott,7.891390207528721
43,Chris Jones,6.225430052605991
44,Devin McCourty,7.891390207528721
45,Nick Chubb,8.066754434362693
46,Trent Williams,6.576158506273934
47,Dalvin Cook,8.066754434362693
48,David DeCastro,5.173244691602162
49,Saquon Barkley,8.154436547779678
50,Odell Beckham Jr,8.154436547779678
51,Joey Bosa,6.926886959941878
52,Keenan Allen,7.803708094111736
53,Ryan Ramczyk,5.523973145270105
54,Michael Pierce,6.225430052605991
55,Kevin Byard,7.891390207528721
56,Tyron Smith,6.400794279439962
57,Richie Incognito,6.137747939189005
58,Adam Thielen,7.891390207528721
59,Tom Brady,5.260926805019147
60,Aaron Jones,7.979072320945707
61,Grady Jarrett,6.137747939189005
62,Zach Ertz,7.189933300192835
63,Cameron Heyward,6.225430052605991
64,Tre'Davious White,7.979072320945707
65,Justin Simmons,7.7160259806947495
66,Lavonte David,7.540661753860777
67,Kenny Clark,6.137747939189005
68,Jaire Alexander,8.154436547779678
69,Marlon Humphrey,8.066754434362693
70,Aaron Rodgers,6.7515227331079055
71,Cooper Kupp,7.7160259806947495
72,Demario Davis,7.540661753860777
73,Nick Bosa,6.926886959941878
74,Allen Robinson II,7.803708094111736
75,Joe Mixon,7.979072320945707
76,Austin Hooper,7.189933300192835
77,Alex Mack,5.436291031853119
78,Derwin James Jr,7.891390207528721
79,Casey Hayward Jr,7.803708094111736
80,Eddie Jackson,7.7160259806947495
81,Ali Marpet,6.313112166022977
82,DeMarcus Lawrence,7.102251186775849
83,Lane Johnson,6.926886959941878
84,Danielle Hunter,7.7160259806947495
85,Eric Kendricks,7.365297527026806
86,Earl Thomas III,7.7160259806947495
87,Chris Godwin,7.979072320945707
88,Bryan Bulaga,5.348608918436133
89,Evan Engram,7.891390207528721
90,Za'Darius Smith,7.014569073358863
91,Patrick Peterson,7.979072320945707
92,Akiem Hicks,5.523973145270105
93,Dont'a Hightower,7.102251186775849
94,Micah Hyde,7.891390207528721
95,Josh Jacobs,7.6283438672777635
96,Tyler Lockett,8.154436547779678
97,Byron Jones,8.066754434362693
98,A.J. Green,7.803708094111736
99,Darius Slay Jr,8.154436547779678
100,Geno Atkins,6.7515227331079055
101,Alvin Kamara,7.803708094111736
102,Melvin Ingram III,7.014569073358863
103,Fred Warner,7.365297527026806
104,Le'Veon Bell,7.6283438672777635
105,DeForest Buckner,6.313112166022977
106,Brandon Linder,5.348608918436133
107,Julian Edelman,7.540661753860777
108,Kareem Hunt,7.891390207528721
109,Vita Vea,6.05006582577202
110,La'el Collins,6.225430052605991
111,Brandon Scherff,6.400794279439962
112,Desmond King II,7.7160259806947495
113,Matt Ryan,6.225430052605991
114,T.Y. Hilton,8.066754434362693
115,Brandon Graham,6.7515227331079055
116,Kawann Short,6.05006582577202
117,Emmanuel Sanders,7.7160259806947495
118,Stephon Tuitt,6.488476392856948
119,Chris Harris Jr,7.891390207528721
120,Kareem Jackson,7.7160259806947495
121,Justin Tucker,6.576158506273934
122,Minkah Fitzpatrick,7.891390207528721
123,Trent Brown,5.436291031853119
124,Jared Cook,7.452979640443792
125,Chris Carson,7.7160259806947495
126,Joel Bitonio,6.313112166022977
127,Robert Woods,7.891390207528721
128,Mark Andrews,7.540661753860777
129,T.J. Watt,7.27761541360982
130,Arik Armstead,6.400794279439962
131,Adrian Amos,8.066754434362693
132,Ndamukong Suh,6.400794279439962
133,Kenny Golladay,7.891390207528721
134,Shaq Mason,6.313112166022977
135,Matthew Ioannidis,6.225430052605991
136,Greg Olsen,7.189933300192835
137,Deshaun Watson,7.365297527026806
138,Trey Flowers,6.7515227331079055
139,Denzel Ward,8.32980077461365
140,Todd Gurley II,7.891390207528721
141,Mark Ingram II,7.7160259806947495
142,Brandon Williams,4.9978804647681905
143,JuJu Smith-Schuster,7.979072320945707
144,Kyle Juszczyk,7.014569073358863
145,Marshon Lattimore,8.154436547779678
146,Budda Baker,7.979072320945707
147,Kendall Fuller,7.891390207528721
148,Kyle Van Noy,7.365297527026806
149,Deion Jones,7.979072320945707
150,Johnny Hekker,6.05006582577202
151,Andrew Whitworth,5.436291031853119
152,Maurkice Pouncey,5.436291031853119
153,Malcolm Jenkins,7.540661753860777
154,Marcus Williams,7.803708094111736
155,Jarvis Landry,7.803708094111736
156,Ryan Kelly,6.225430052605991
157,Gerald McCoy,5.962383712355034
158,Kyle Fuller,7.979072320945707
159,Marcus Peters,7.979072320945707
160,Jason McCourty,7.979072320945707
161,Phillip Lindsay,8.154436547779678
162,D.J. Moore,8.154436547779678
163,Dee Ford,7.452979640443792
164,Mike McGlinchey,6.137747939189005
165,Austin Ekeler,8.066754434362693
166,Linval Joseph,6.488476392856948
167,Anthony Castonzo,5.348608918436133
168,Justin Houston,7.102251186775849
169,Kevin Zeitler,5.085562578185176
170,Marvin Jones Jr,7.803708094111736
171,Jordan Poyer,7.6283438672777635
172,Shaquil Barrett,7.365297527026806
173,Hunter Henry,7.27761541360982
174,Darren Waller,7.803708094111736
175,Marlon Mack,7.803708094111736
176,Darius Leonard,7.540661753860777
177,Josh Lambo,5.787019485521062
178,C.J. Mosley,7.365297527026806
179,Joe Thuney,6.400794279439962
180,Brandin Cooks,8.242118661196663
181,Laremy Tunsil,5.61165525868709
182,Eddie Goldman,5.523973145270105
183,Shaquill Griffin,8.242118661196663
184,Jurrell Casey,6.137747939189005
185,Preston Smith,7.189933300192835
186,Duane Brown,6.313112166022977
187,Rodger Saffold III,5.436291031853119
188,Justin Reid,8.066754434362693
189,Raheem Mostert,8.32980077461365
190,Alshon Jeffery,7.7160259806947495
191,Brett Kern,5.699337372104076
192,Carson Wentz,7.102251186775849
193,Golden Tate III,7.891390207528721
194,David Andrews,5.8747015989380476
195,Keanu Neal,7.6283438672777635
196,Justin Coleman,7.7160259806947495
197,Dak Prescott,7.27761541360982
198,Melvin Gordon III,7.979072320945707
199,Courtland Sutton,7.803708094111736
200,DeVante Parker,7.891390207528721
201,Sam Koch,6.137747939189005
202,Ryan Kerrigan,6.926886959941878
203,Eric Ebron,7.6283438672777635
204,Taylor Lewan,6.576158506273934
205,Kyle Rudolph,6.7515227331079055
206,A.J. Bouye,7.803708094111736
207,John Johnson III,7.452979640443792
208,D.J. Reader,5.699337372104076
209,Avery Williamson,7.27761541360982
210,Robby Anderson,8.242118661196663
211,Tyler Boyd,7.803708094111736
212,Tevin Coleman,8.066754434362693
213,Leonard Fournette,8.066754434362693
214,Andrew Norwell,5.348608918436133
215,Tress Way,6.488476392856948
216,Thomas Morstead,6.225430052605991
217,Roquan Smith,7.803708094111736
218,Jimmy Smith,7.7160259806947495
219,Jimmy Garoppolo,6.400794279439962
220,Jimmie Ward,7.803708094111736
221,DeSean Jackson,8.32980077461365
222,Calvin Ridley,8.154436547779678
223,Joe Haden,7.7160259806947495
224,Jonathan Jones,8.242118661196663
225,Larry Fitzgerald,7.27761541360982
226,Leighton Vander Esch,7.540661753860777
227,Jamie Collins,7.365297527026806
228,Orlando Brown Jr,4.384105670849289
229,Matthew Judon,7.102251186775849
230,Adoree' Jackson,8.154436547779678
231,Anthony Harris,7.6283438672777635
232,Frank Clark,7.27761541360982
233,Yannick Ngakoue,7.189933300192835
234,Frank Ragnow,6.400794279439962
235,Michael Brockers,5.523973145270105
236,Da'Ron Payne,6.6638406196909195
237,Matthew Stafford,6.400794279439962
238,Cole Beasley,7.6283438672777635
239,Desmond Trufant,7.979072320945707
240,Patrick Chung,7.365297527026806
241,Damien Williams,7.891390207528721
242,Carlos Dunlap,7.189933300192835
243,John Brown,8.066754434362693
244,Mitch Morse,5.8747015989380476
245,Xavien Howard,7.979072320945707
246,Malik Hooker,7.803708094111736
247,Damarious Randall,7.803708094111736
248,Alejandro Villanueva,6.225430052605991
249,Kwon Alexander,7.6283438672777635
250,Kirk Cousins,6.7515227331079055
251,Olivier Vernon,7.014569073358863
252,Kerryon Johnson,7.7160259806947495
253,Braden Smith,5.787019485521062
254,Jason Peters,5.787019485521062
255,Joe Schobert,7.27761541360982
256,Donte Jackson,8.417482888030635
257,Nickell Robey-Coleman,7.7160259806947495
258,Devin Singletary,7.540661753860777
259,James White,7.803708094111736
260,Harrison Butker,6.576158506273934
261,Tyler Higbee,7.014569073358863
262,Chris Boswell,6.400794279439962
263,Robbie Gould,5.085562578185176
264,Lamarcus Joyner,7.6283438672777635
265,Chidobe Awuzie,8.154436547779678
266,JC Jackson,7.891390207528721
267,Philip Rivers,5.699337372104076
268,Kenyan Drake,7.979072320945707
269,Ryan Jensen,5.260926805019147
270,Javon Hargrave,6.488476392856948
271,Sterling Shepard,7.891390207528721
272,Tyrell Williams,8.066754434362693
273,Jonathan Allen,6.313112166022977
274,Sheldon Rankins,6.225430052605991
275,Will Fuller V,8.32980077461365
276,Benardrick McKinney,7.27761541360982
277,Harold Landry III,7.365297527026806
278,Robert Quinn,7.014569073358863
279,Jerry Hughes,7.102251186775849
280,Terry McLaurin,8.242118661196663
281,Ben Roethlisberger,6.313112166022977
282,Mike Hilton,7.6283438672777635
283,A.J. Brown,7.891390207528721
284,Charles Leno Jr,5.523973145270105
285,Jaquiski Tartt,7.891390207528721
286,Sheldon Richardson,6.137747939189005
287,James Conner,7.540661753860777
288,Mike Williams,7.803708094111736
289,Chris Jones,6.926886959941878
290,Jaylon Smith,7.6283438672777635
291,Dallas Goedert,7.27761541360982
292,Dante Fowler Jr,7.365297527026806
293,Patrick Ricard,6.225430052605991
294,Cody Whitehair,6.225430052605991
295,Ed Oliver,7.102251186775849
296,Bradley Chubb,7.365297527026806
297,Marcus Maye,7.891390207528721
298,Steven Nelson,7.803708094111736
299,Ricardo Allen,7.7160259806947495
300,Jack Doyle,6.6638406196909195
301,Myles Jack,7.6283438672777635
302,Matt Prater,6.313112166022977
303,Danny Shelton,4.471787784266275
304,Whitney Mercilus,7.102251186775849
305,Kenny Stills,7.979072320945707
306,William Jackson III,8.154436547779678
307,Duke Johnson Jr,7.803708094111736
308,Sammy Watkins,7.979072320945707
309,Matt Paradis,5.173244691602162
310,Landon Collins,7.7160259806947495
311,Johnathan Joseph,7.803708094111736
312,Derrius Guice,7.891390207528721
313,Michael Gallup,7.979072320945707
314,Josh Allen,7.540661753860777
315,D.J. Chark Jr,8.242118661196663
316,Lawrence Guy,6.225430052605991
317,K.J. Wright,7.014569073358863
318,Danny Trevathan,7.014569073358863
319,Jabrill Peppers,7.891390207528721
320,Bryce Callahan,8.154436547779678
321,Latavius Murray,7.803708094111736
322,Trai Turner,6.488476392856948
323,Trey Burton,7.452979640443792
324,Leonard Williams,6.313112166022977
325,Elgton Jenkins,6.05006582577202
326,JK Scott,6.839204846524892
327,Anthony Barr,7.6283438672777635
328,Carl Lawson,7.27761541360982
329,Tremaine Edmunds,7.6283438672777635
330,Ryan Tannehill,7.189933300192835
331,Jason Pierre-Paul,6.7515227331079055
332,Sony Michel,7.891390207528721
333,Mike Pouncey,5.699337372104076
334,Dalvin Tomlinson,5.787019485521062
335,Curtis Samuel,8.32980077461365
336,John Simon,7.014569073358863
337,Chase Young,7.452979640443792
338,Quandre Diggs,7.7160259806947495
339,Pierre Desir,7.7160259806947495
340,Greg Zuerlein,6.488476392856948
341,Jamison Crowder,7.891390207528721
342,D.J. Fluker,5.260926805019147
343,Jarran Reed,5.699337372104076
344,Bradley Roby,7.979072320945707
345,Kenny Moore II,7.803708094111736
346,Duron Harmon,7.6283438672777635
347,O.J. Howard,7.6283438672777635
348,Taylor Moton,5.787019485521062
349,Marquise Brown,8.505165001447622
350,Ben Jones,5.085562578185176
351,Deebo Samuel,8.066754434362693
352,Chauncey Gardner-Johnson,7.891390207528721
353,Miles Sanders,7.891390207528721
354,Carlos Hyde,7.6283438672777635
355,Danny Amendola,7.365297527026806
356,Samson Ebukam,7.6283438672777635
357,Michael Dickson,6.576158506273934
358,Bud Dupree,7.6283438672777635
359,Jessie Bates III,7.803708094111736
360,Matt Breida,8.32980077461365
361,Takkarist McKinley,7.540661753860777
362,Aldrick Rosas,5.962383712355034
363,Brian Winters,5.523973145270105
364,Mohamed Sanu Sr,7.6283438672777635
365,Rob Havenstein,4.9978804647681905
366,D.K. Metcalf,8.32980077461365
367,Jayon Brown,7.6283438672777635
368,Corey Davis,7.891390207528721
369,DaQuan Jones,5.348608918436133
370,Adrian Clayborn,6.6638406196909195
371,Brian Poole,7.891390207528721
372,Vonn Bell,7.7160259806947495
373,Ronald Jones II,7.979072320945707
374,Brian Burns,7.7160259806947495
375,Isaiah Wynn,6.137747939189005
376,Gerald Everett,7.452979640443792
377,Rashaan Evans,7.365297527026806
378,Jeffery Simmons Jr,6.400794279439962
379,Weston Richburg,5.8747015989380476
380,Quinton Dunbar,7.979072320945707
381,Mike Gesicki,7.27761541360982
382,Matt Milano,7.27761541360982
383,Jamie Gillan,6.313112166022977
384,Tre Boston,7.6283438672777635
385,Byron Murphy Jr,7.803708094111736
386,J.C. Tretter,5.962383712355034
387,Malik Jackson,6.488476392856948
388,Steve McLendon,5.348608918436133
389,Devin Funchess,7.7160259806947495
390,Derek Wolfe,6.400794279439962
391,Derek Carr,7.014569073358863
392,James Bradberry IV,7.891390207528721
393,Ronald Darby,8.066754434362693
394,Jordan Howard,7.7160259806947495
395,Frank Gore,7.27761541360982
396,Dede Westbrook,8.154436547779678
397,Graham Gano,6.576158506273934
398,Maurice Hurst,6.400794279439962
399,Gabe Jackson,4.647152011100246
400,Alexander Johnson,7.102251186775849
401,Baker Mayfield,7.189933300192835
402,Devin White,8.066754434362693
403,Christian Kirk,8.066754434362693
404,Da'Shawn Hand,6.839204846524892
405,Cory Littleton,7.27761541360982
406,Thomas Davis Sr,7.189933300192835
407,James Washington,7.979072320945707
408,David Njoku,7.452979640443792
409,Kenny Vaccaro,7.365297527026806
410,Trevor Williams,7.891390207528721
411,Ha Ha Clinton-Dix,7.6283438672777635
412,Derrick Nnadi,5.523973145270105
413,David Montgomery,7.540661753860777
414,Jamaal Williams,7.7160259806947495
415,Corey Linsley,6.05006582577202
416,David Onyemata,6.05006582577202
417,Randall Cobb,7.891390207528721
418,Cam Newton,7.365297527026806
419,Prince Amukamara,7.803708094111736
420,Janoris Jenkins,7.803708094111736
421,Trae Waynes,8.154436547779678
422,Juan Thornhill,7.891390207528721
423,Adrian Phillips,7.540661753860777
424,Jerick McKinnon,7.979072320945707
425,Derrick Brown,6.137747939189005
426,Nick Boyle,6.576158506273934
427,Pernell McPhee,6.6638406196909195
428,Erik McCoy,6.400794279439962
429,Will Dissly,6.7515227331079055
430,Britton Colquitt,5.699337372104076
431,James Daniels,5.523973145270105
432,Trent Murphy,6.6638406196909195
433,Jack Conklin,6.313112166022977
434,Isaiah Simmons,8.154436547779678
435,Avonte Maddox,8.154436547779678
436,Tashaun Gipson Sr,7.365297527026806
437,Dontari Poe,6.400794279439962
438,Will Hernandez,5.699337372104076
439,Wil Lutz,6.225430052605991
440,Andrus Peat,5.787019485521062
441,Jimmy Graham,7.102251186775849
442,Levi Wallace,7.891390207528721
443,Damontae Kazee,7.7160259806947495
444,Laurent Duvernay-Tardif,6.225430052605991
445,Adrian Peterson,7.803708094111736
446,Rashaad Penny,7.891390207528721
447,Tyrone Crawford,6.6638406196909195
448,Marquise Goodwin,8.505165001447622
449,Jake Matthews,6.05006582577202
450,Darius Slayton,8.154436547779678
451,Quinnen Williams,6.839204846524892
452,Austin Blythe,5.260926805019147
453,Willie Snead IV,7.803708094111736
454,Dante Pettis,7.979072320945707
455,Quinton Spain,5.962383712355034
456,Jourdan Lewis,7.803708094111736
457,Carlton Davis III,7.7160259806947495
458,Taron Johnson,7.803708094111736
459,Tarik Cohen,8.066754434362693
460,Gus Edwards,7.7160259806947495
461,David Johnson,7.7160259806947495
462,Tyler Eifert,7.102251186775849
463,Ja'Whaun Bentley,7.102251186775849
464,Marqise Lee,7.7160259806947495
465,Nelson Agholor,7.891390207528721
466,Adam Humphries,7.6283438672777635
467,Dalton Risner,5.436291031853119
468,Karl Joseph,7.6283438672777635
469,Tre Flowers,7.979072320945707
470,Sean Murphy-Bunting,8.066754434362693
471,Chuck Clark,7.7160259806947495
472,Rodney McLeod Jr,7.452979640443792
473,Tracy Walker,7.803708094111736
474,Dion Lewis,7.803708094111736
475,Al Woods,5.962383712355034
476,Quincy Enunwa,7.803708094111736
477,Jason Witten,6.488476392856948
478,Leonard Floyd,7.452979640443792
479,Vince Williams,7.189933300192835
480,Malcolm Butler,7.803708094111736
481,Mackensie Alexander,7.803708094111736
482,Demarcus Robinson,7.803708094111736
483,Anthony Sherman,6.7515227331079055
484,Tyeler Davison,5.787019485521062
485,T.J. Hockenson,7.189933300192835
486,Michael Palardy,7.014569073358863
487,Maxx Crosby,7.27761541360982
488,Josh Allen,7.452979640443792
489,Kyler Murray,7.979072320945707
490,Xavier Woods,7.803708094111736
491,Mason Crosby,5.260926805019147
492,Marcus Davenport,7.452979640443792
493,Phillip Dorsett II,8.242118661196663
494,Garrett Bradbury,6.576158506273934
495,Dion Dawkins,6.05006582577202
496,Ja'Wuan James,5.173244691602162
497,Larry Ogunjobi,6.576158506273934
498,Cameron Brate,6.926886959941878
499,Buster Skrine,7.803708094111736
500,Uchenna Nwosu,7.365297527026806
501,Giovani Bernard,7.803708094111736
502,Derek Barnett,6.6638406196909195
503,Markus Golden,7.014569073358863
504,Dexter Lawrence II,6.400794279439962
505,Kendrick Bourne,7.7160259806947495
506,Bobby Massie,5.523973145270105
507,John Ross III,8.417482888030635
508,Mario Addison,6.926886959941878
509,C.J. Henderson,8.154436547779678
510,Charvarius Ward,7.979072320945707
511,Chase Edmonds,7.803708094111736
512,Chris Thompson,7.891390207528721
513,Sean Lee,7.014569073358863
514,Rick Wagner,5.61165525868709
515,Johnathan Hankins,5.173244691602162
516,Carl Nassib,6.7515227331079055
517,Diontae Johnson,7.979072320945707
518,Joe Burrow,7.27761541360982
519,Jamel Dean,8.154436547779678
520,Anthony Brown,8.242118661196663
521,Ito Smith,7.979072320945707
522,Raekwon McMillan,7.540661753860777
523,Hayden Hurst,7.452979640443792
524,Marcedes Lewis,6.400794279439962
525,Russell Okung,5.436291031853119
526,Adam Butler,5.699337372104076
527,Josh Hill,7.189933300192835
528,Devin Bush,7.891390207528721
529,Vance McDonald,7.102251186775849
530,Auden Tate,7.452979640443792
531,Jameis Winston,6.926886959941878
532,Nick Kwiatkoski,7.102251186775849
533,Dre Greenlaw,7.365297527026806
534,Javon Kinlaw,6.313112166022977
535,Mitch Wishnowsky,7.365297527026806
536,Josh Bynes,6.926886959941878
537,Graham Glasgow,5.8747015989380476
538,Brandon McManus,6.6638406196909195
539,Andrew Billings,6.400794279439962
540,Devon Kennard,7.189933300192835
541,Shawn Williams,7.7160259806947495
542,Andrew Sendejo,7.102251186775849
543,Darnell Savage,8.154436547779678
544,D.J. Hayden,7.891390207528721
545,Tavon Young,7.891390207528721
546,Gareon Conley,7.979072320945707
547,Bradley McDougald,7.540661753860777
548,Alex Okafor,6.400794279439962
549,Denico Autry,6.137747939189005
550,Davon Godchaux,5.699337372104076
551,Tahir Whitehead,7.189933300192835
552,Marcus Cannon,5.260926805019147
553,Anthony Miller,7.803708094111736
554,Jordan Hicks,7.27761541360982
555,Jared Goff,6.839204846524892
556,Andy Lee,5.61165525868709
557,Justin Pugh,5.787019485521062
558,Josh Norman,7.7160259806947495
559,K'Waun Williams,7.6283438672777635
560,Jeff Okudah,7.891390207528721
561,Will Parks,7.6283438672777635
562,Mecole Hardman,8.505165001447622
563,J.D. McKissic,7.7160259806947495
564,Albert Wilson,7.891390207528721
565,Chris Conley,8.066754434362693
566,Henry Anderson,6.313112166022977
567,Shaq Thompson,7.452979640443792
568,Henry Ruggs III,8.592847114864608
569,Montez Sweat,7.979072320945707
570,Dan Bailey,5.699337372104076
571,Marcus Gilbert,4.822516237934218
572,Bashaud Breeland,7.7160259806947495
573,Emmanuel Moseley,8.066754434362693
574,Taylor Rapp,7.365297527026806
575,Antwaun Woods,6.488476392856948
576,David Moore,7.979072320945707
577,Jordan Berry,6.400794279439962
578,Laken Tomlinson,5.699337372104076
579,Stephen Hauschka,5.699337372104076
580,Antoine Winfield Jr,7.803708094111736
581,Daryl Worley,7.7160259806947495
582,Rock Ya-Sin,7.891390207528721
583,Eli Apple,8.066754434362693
584,Bobby McCain,7.7160259806947495
585,Kemoko Turay,7.365297527026806
586,Tony Pollard,8.154436547779678
587,Mike Davis,7.7160259806947495
588,Rex Burkhead,7.27761541360982
589,Malcolm Brown,7.7160259806947495
590,J.K. Dobbins,7.979072320945707
591,Keelan Cole,7.891390207528721
592,Tyus Bowser,7.365297527026806
593,Morgan Moses,5.173244691602162
594,Poona Ford,5.962383712355034
595,Solomon Thomas,7.27761541360982
596,Jerry Jeudy,7.979072320945707
597,Sam Martin,6.400794279439962
598,Corey Peters,5.962383712355034
599,Maxx Williams,6.839204846524892
600,Teddy Bridgewater,7.189933300192835
601,Greedy Williams,8.154436547779678
602,Randy Gregory,7.27761541360982
603,Royce Freeman,7.7160259806947495
604,Breshad Perriman,8.242118661196663
605,Chase Winovich,7.452979640443792
606,Josh Reynolds,7.7160259806947495
607,Chase Roullier,5.173244691602162
608,Sam Hubbard,6.839204846524892
609,Mack Wilson,7.365297527026806
610,Haason Reddick,7.7160259806947495
611,Darryl Roberts,8.066754434362693
612,Nyheim Hines,8.154436547779678
613,B.J. Hill,6.400794279439962
614,Seth Roberts,7.803708094111736
615,Maliek Collins,6.225430052605991
616,Zay Jones,7.891390207528721
617,Reuben Foster,7.540661753860777
618,Jason Myers,6.05006582577202
619,Zach Cunningham,7.27761541360982
620,Brian O'Neill,6.926886959941878
621,Tajae Sharpe,7.7160259806947495
622,Ted Ginn Jr,7.979072320945707
623,Cordarrelle Patterson,7.979072320945707
624,Shelby Harris,6.488476392856948
625,Cre'Von LeBlanc,7.6283438672777635
626,Sidney Jones IV,7.891390207528721
627,Trayvon Mullen,7.891390207528721
628,CeeDee Lamb,7.891390207528721
629,Shaq Lawson,7.189933300192835
630,Emmanuel Ogbah,7.27761541360982
631,Dean Lowry,6.6638406196909195
632,Jonnu Smith,7.7160259806947495
633,Irv Smith Jr,7.452979640443792
634,Bilal Nichols,6.488476392856948
635,Todd Davis,6.7515227331079055
636,Noah Fant,7.803708094111736
637,Eric Fisher,5.962383712355034
638,Xavier Rhodes,7.891390207528721
639,Fabian Moreau,8.242118661196663
640,Patrick Robinson,7.6283438672777635
641,Erik Harris,7.891390207528721
642,Anthony Levine Sr,7.365297527026806
643,Jakeem Grant,8.32980077461365
644,Clyde Edwards-Helaire,7.540661753860777
645,D'Andre Swift,7.803708094111736
646,Peyton Barber,7.6283438672777635
647,Ty Montgomery II,7.7160259806947495
648,Aaron Lynch,7.102251186775849
649,Connor McGovern,5.962383712355034
650,Yetur Gross-Matos,7.365297527026806
651,Cody Latimer,7.803708094111736
652,Jacob Hollister,7.365297527026806
653,Mike Iupati,5.260926805019147
654,Kamalei Correa,7.189933300192835
655,Harrison Phillips,5.699337372104076
656,Terrell Edmunds,7.891390207528721
657,P.J. Williams,7.803708094111736
658,Zach Pascal,7.6283438672777635
659,Rashaan Melvin,7.803708094111736
660,Jake Elliott,6.926886959941878
661,Jalen Richard,7.891390207528721
662,Kyler Fackrell,7.102251186775849
663,Patrick Onwuasor,7.365297527026806
664,Taylor Decker,5.61165525868709
665,Alec Ingold,6.6638406196909195
666,A'Shawn Robinson,5.699337372104076
667,Darren Fells,6.6638406196909195
668,Vic Beasley Jr,7.6283438672777635
669,Trent Taylor,7.7160259806947495
670,Jon Feliciano,5.348608918436133
671,Rashard Higgins,7.540661753860777
672,Bradley Pinion,5.699337372104076
673,Ryan Fitzpatrick,6.137747939189005
674,Ronnie Harrison,7.540661753860777
675,Jason Verrett,7.891390207528721
676,Troy Hill,7.7160259806947495
677,Jerome Baker,7.803708094111736
678,Matt Haack,7.452979640443792
679,Corey Clement,7.6283438672777635
680,Alexander Mattison,7.540661753860777
681,K'Lavon Chaisson,7.452979640443792
682,Jordan Jenkins,6.576158506273934
683,Marquez Valdes-Scantling,8.154436547779678
684,Hunter Renfrow,7.540661753860777
685,Trey Hendrickson,7.365297527026806
686,Margus Hunt,7.27761541360982
687,Tre'Quan Smith,7.803708094111736
688,Bruce Irvin,7.540661753860777
689,Benson Mayowa,6.926886959941878
690,Zach Fulton,5.787019485521062
691,Andy Janovich,6.839204846524892
692,William Gholston,6.313112166022977
693,Jeff Heath,7.7160259806947495
694,Rigoberto Sanchez,6.400794279439962
695,Tre Herndon,7.803708094111736
696,Xavier McKinney,7.540661753860777
697,Khari Willis,7.540661753860777
698,Christian Wilkins,6.313112166022977
699,Justin Jackson,7.803708094111736
700,Taven Bryan,6.6638406196909195
701,Damiere Byrd,8.242118661196663
702,N'Keal Harry,7.7160259806947495
703,Travis Benjamin,7.979072320945707
704,De'Vondre Campbell,7.452979640443792
705,Zane Gonzalez,6.576158506273934
706,Mike Hughes,7.803708094111736
707,Ahkello Witherspoon,7.979072320945707
708,Eric Rowe,7.803708094111736
709,Allen Bailey,6.839204846524892
710,Deatrich Wise Jr,6.576158506273934
711,Justin Jefferson,7.979072320945707
712,Nick Vigil,7.189933300192835
713,Mark Glowinski,5.8747015989380476
714,Anthony Walker Jr,7.365297527026806
715,Kendall Sheffield,8.154436547779678
716,J.J. Arcega-Whiteside,7.803708094111736
717,Jalen Reagor,8.154436547779678
718,Lorenzo Carter,7.7160259806947495
719,Tim Williams,7.27761541360982
720,Noah Spence,6.926886959941878
721,Brennan Scarlett,7.014569073358863
722,Lee Smith,6.137747939189005
723,Sam Darnold,6.839204846524892
724,Mike Pennel Jr,5.523973145270105
725,Ricky Seals-Jones,7.365297527026806
726,D.J. Swearinger Sr,7.452979640443792
727,Kyle Dugger,7.803708094111736
728,Rasul Douglas,7.6283438672777635
729,Vernon Hargreaves III,7.803708094111736
730,Allen Hurns,7.6283438672777635
731,Jordan Whitehead,7.540661753860777
732,Jarrod Wilson,7.891390207528721
733,Josh Sweat,7.452979640443792
734,Jonathan Taylor,8.154436547779678
735,Joey Slye,5.962383712355034
736,Kolton Miller,6.576158506273934
737,Bryan Anger,6.137747939189005
738,Robert Foster,8.242118661196663
739,Jordan Phillips,5.8747015989380476
740,Tua Tagovailoa,7.102251186775849
741,Anthony Hitchens,7.102251186775849
742,Maurice Canady,7.7160259806947495
743,Julian Love,7.803708094111736
744,Terrance Mitchell,7.7160259806947495
745,DeAndre Washington,7.891390207528721
746,P.J. Hall,6.926886959941878
747,Matt Skura,5.436291031853119
748,Ross Blacklock,6.6638406196909195
749,Keke Coutee,7.979072320945707
750,Pat O'Donnell,7.014569073358863
751,Star Lotulelei,4.9978804647681905
752,J.R. Sweezy,6.488476392856948
753,Michael Davis,8.066754434362693
754,Nevin Lawson,7.803708094111736
755,Ereck Flowers,5.348608918436133
756,Kevin King,7.891390207528721
757,Genard Avery,7.540661753860777
758,T.J. Yeldon,7.6283438672777635
759,Wayne Gallman Jr,7.803708094111736
760,Nathan Shepherd,6.137747939189005
761,Geronimo Allison,7.6283438672777635
762,Christian Jones,7.014569073358863
763,Dustin Hopkins,6.6638406196909195
764,Alex Anzalone,7.452979640443792
765,Shaquem Griffin,7.979072320945707
766,C.J. Ham,7.189933300192835
767,Ronald Blair III,6.7515227331079055
768,Willie Henry,6.313112166022977
769,Randy Bullock,5.962383712355034
770,Logan Wilson,7.452979640443792
771,Jedrick Wills Jr,6.225430052605991
772,D.J. Humphries,5.8747015989380476
773,Kenneth Murray Jr,7.7160259806947495
774,Johnathan Abram,7.979072320945707
775,Jaylon Johnson,7.803708094111736
776,Blessuan Austin,7.891390207528721
777,Robert Alford,7.979072320945707
778,Mike Edwards,7.7160259806947495
779,Jalen Thompson,7.891390207528721
780,Preston Williams,7.979072320945707
781,Foyesade Oluokun,7.891390207528721
782,Cam Akers,7.891390207528721
783,Clelin Ferrell,7.102251186775849
784,Demetrius Harris,7.452979640443792
785,Eddy Pineiro,6.839204846524892
786,Alex Erickson,7.6283438672777635
787,C.J. Uzomah,7.365297527026806
788,Ty Nsekhe,6.313112166022977
789,Drue Tranquill,7.6283438672777635
790,E.J. Gaines,7.7160259806947495
791,Darius Phillips,8.066754434362693
792,Eric Murray,7.803708094111736
793,Chris Lindstrom,6.576158506273934
794,A.J. Dillon,7.7160259806947495
795,Jaylon Ferguson,6.839204846524892
796,Ka'imi Fairbairn,6.926886959941878
797,Jonah Williams,6.05006582577202
798,A.J. Epenesa,6.488476392856948
799,A.J. Klein,7.189933300192835
800,Isaiah McKenzie,8.066754434362693
801,Taywan Taylor,7.979072320945707
802,Andy Isabella,8.32980077461365
803,Bobby Okereke,7.7160259806947495
804,Grant Delpit,7.7160259806947495
805,Jatavis Brown,7.7160259806947495
806,Terrell Burgess,7.891390207528721
807,Jordan Wilkins,7.7160259806947495
808,Justice Hill,7.891390207528721
809,Josh Bellamy,7.7160259806947495
810,Folorunso Fatukasi,5.523973145270105
811,Benny Snell Jr,7.452979640443792
812,Beau Allen,5.173244691602162
813,Brandon Copeland,7.540661753860777
814,Josh Uche,7.540661753860777
815,Miles Boykin,7.979072320945707
816,Shaun Dion Hamilton,7.102251186775849
817,Kiko Alonso,7.014569073358863
818,Tyson Alualu,6.313112166022977
819,Charles Omenihu,6.576158506273934
820,Jack Crawford,6.839204846524892
821,Anthony Zettel,6.839204846524892
822,Denzel Perryman,7.102251186775849
823,Jerry Tillery,6.576158506273934
824,Breeland Speaks,6.926886959941878
825,Damien Wilson,7.102251186775849
826,Andy Dalton,6.488476392856948
827,Kevin Johnson,7.6283438672777635
828,Abry Jones,5.699337372104076
829,Laviska Shenault Jr,7.7160259806947495
830,Mekhi Becton,6.05006582577202
831,Rashan Gary,7.540661753860777
832,Christian Kirksey,7.452979640443792
833,Duke Ejiofor,6.839204846524892
834,Brandon Aiyuk,7.979072320945707
835,Parris Campbell,8.242118661196663
836,Jason Sanders,6.7515227331079055
837,Ken Crawley,7.979072320945707
838,Oshane Ximines,7.014569073358863
839,Boston Scott,7.979072320945707
840,Jaylen Samuels,7.7160259806947495
841,Christopher Herndon IV,7.014569073358863
842,Alex Lewis,5.61165525868709
843,Patrick Queen,7.803708094111736
844,Cole Holcomb,7.6283438672777635
845,Cody Barton,7.365297527026806
846,Ryan Switzer,7.891390207528721
847,Khari Blasingame,7.6283438672777635
848,D.J. Jones,6.225430052605991
849,Mitchell Trubisky,7.365297527026806
850,Daniel Jones,7.365297527026806
851,Blake Jarwin,7.27761541360982
852,Sean Davis,7.891390207528721
853,Quincy Wilson,7.7160259806947495
854,DeAndre Baker,7.803708094111736
855,Jalen Mills,7.803708094111736
856,Matthias Farley,7.7160259806947495
857,Jaylen Watkins,7.803708094111736
858,Blake Martinez,7.102251186775849
859,Ryan Griffin,6.400794279439962
860,Jake Bailey,7.189933300192835
861,Marquel Lee,7.014569073358863
862,Trey Quinn,7.6283438672777635
863,Steven Sims,7.979072320945707
864,Malcom Brown,6.137747939189005
865,Pat Elflein,5.436291031853119
866,Roy Robertson-Harris,6.7515227331079055
867,Vernon Butler Jr,5.699337372104076
868,Daryl Williams,5.260926805019147
869,Netane Muti,5.348608918436133
870,Jordan Love,7.102251186775849
871,Tyquan Lewis,7.27761541360982
872,Dorance Armstrong,6.7515227331079055
873,Joe Thomas,7.189933300192835
874,Isaiah Oliver,7.7160259806947495
875,Terrence Brooks,7.891390207528721
876,Andrew Thomas,5.699337372104076
877,Braden Mann,6.839204846524892
878,Darrell Henderson Jr,7.803708094111736
879,Justin Ellis,6.05006582577202
880,L.J. Fort,7.014569073358863
881,Kelvin Harmon,7.6283438672777635
882,Cesar Ruiz,6.137747939189005
883,Dylan Cole,7.452979640443792
884,Richie James Jr,7.979072320945707
885,Brent Urban,6.576158506273934
886,Corey Bojorquez,6.137747939189005
887,Tyler Kroft,6.926886959941878
888,Kendell Beckwith,6.926886959941878
889,Hakeem Butler,7.7160259806947495
890,Michael Badgley,6.488476392856948
891,Virgil Green,7.365297527026806
892,Michael Pittman Jr,7.6283438672777635
893,Marquise Blair,7.891390207528721
894,Daniel Sorensen,7.27761541360982
895,Cassius Marsh Sr,7.102251186775849
896,Bryce Love,8.066754434362693
897,Justin Madubuike,6.839204846524892
898,Jordyn Brooks,7.6283438672777635
899,Matt Feiler,5.173244691602162
900,Tytus Howard,6.225430052605991
901,Mike Remmers,5.61165525868709
902,Aldon Smith,6.7515227331079055
903,Connor Williams,6.225430052605991
904,Holton Hill,7.803708094111736
905,T.J. Carrie,7.7160259806947495
906,Amani Oruwariye,7.803708094111736
907,K'Von Wallace,7.7160259806947495
908,Michael Thomas,7.452979640443792
909,James O'Shaughnessy,7.189933300192835
910,Cam Robinson,5.8747015989380476
911,Josh Doctson,7.7160259806947495
912,Tyler Lancaster,6.313112166022977
913,Allen Lazard,7.6283438672777635
914,Bradley Bozeman,4.9978804647681905
915,Ryan Anderson,7.102251186775849
916,Derek Watt,7.014569073358863
917,Ben Gedeon,7.102251186775849
918,Riley Reiff,5.61165525868709
919,Tee Higgins,7.6283438672777635
920,Dawson Knox,7.6283438672777635
921,Christian Covington,6.576158506273934
922,Khalen Saunders,6.400794279439962
923,Jacoby Brissett,7.014569073358863
924,Vince Biegel,7.27761541360982
925,Isaiah Ford,7.7160259806947495
926,Lonnie Johnson Jr,7.803708094111736
927,Jeff Gladney,7.979072320945707
928,Nik Needham,7.540661753860777
929,Mike Ford,7.891390207528721
930,Marlon Davidson,6.225430052605991
931,Nasir Adderley,7.7160259806947495
932,Deadrin Senat,5.8747015989380476
933,Taiwan Jones,7.979072320945707
934,Marvin Hall Jr,8.066754434362693
935,Kalen Ballage,7.979072320945707
936,Romeo Okwara,6.7515227331079055
937,Jahlani Tavai,7.27761541360982
938,Jordan Akins,7.27761541360982
939,Eric Wilson,7.540661753860777
940,Austin Seibert,5.962383712355034
941,Tristan Wirfs,6.7515227331079055
942,Nick Foles,6.137747939189005
943,Trysten Hill,6.313112166022977
944,Raekwon Davis,5.962383712355034
945,Elandon Roberts,7.365297527026806
946,Ashtyn Davis,8.066754434362693
947,Josh Jackson,7.891390207528721
948,Grant Haley,7.979072320945707
949,David Long Jr,7.979072320945707
950,Andrew Adams,7.6283438672777635
951,Corey Coleman,7.891390207528721
952,A.J. Cann,4.822516237934218
953,Ameer Abdullah,7.7160259806947495
954,Devin Duvernay,8.066754434362693
955,Chris Moore,7.891390207528721
956,Nick Martin,5.61165525868709
957,Barkevious Mingo,7.452979640443792
958,Germaine Pratt,7.6283438672777635
959,KeeSean Johnson,7.7160259806947495
960,Kyzir White,7.452979640443792
961,Tanoh Kpassagnon,6.926886959941878
962,Chad Williams,7.891390207528721
963,Devin Smith,7.891390207528721
964,Isaac Seumalo,5.699337372104076
965,Greg Stroman,7.891390207528721
966,Justin Layne,7.803708094111736
967,Amani Hooker,7.7160259806947495
968,Blake Cashman,7.803708094111736
969,Jesse James,7.189933300192835
970,Brandon Bolden,7.7160259806947495
971,Van Jefferson,7.891390207528721
972,Jacob Martin,7.540661753860777
973,Cody Ford,5.699337372104076
974,Andre Roberts,7.7160259806947495
975,K.J. Hamler,8.242118661196663
976,Josey Jewell,6.839204846524892
977,Ben Banogu,7.540661753860777
978,Marcus Johnson,8.066754434362693
979,Dwayne Haskins Jr,6.6638406196909195
980,Neville Gallimore,6.926886959941878
981,Gardner Minshew II,6.839204846524892
982,Greg Ward Jr,7.6283438672777635
983,Rayshawn Jenkins,7.803708094111736
984,Jamar Taylor,7.891390207528721
985,Joejuan Williams,7.6283438672777635
986,Parry Nickerson,8.32980077461365
987,Deionte Thompson,7.6283438672777635
988,Dawuane Smoot,7.014569073358863
989,Denzel Mims,8.066754434362693
990,Jordan Willis,7.540661753860777
991,Jarrad Davis,7.452979640443792
992,Zack Moss,7.540661753860777
993,Chase Claypool,8.066754434362693
994,Cole Kmet,7.189933300192835
995,Quinton Jefferson,6.400794279439962
996,Vincent Taylor,6.137747939189005
997,Jeff Heuerman,6.839204846524892
998,Justin Jones,6.05006582577202
999,Noah Brown,7.6283438672777635
1000,Ted Karras,5.260926805019147
1001,Clayton Fejedelem,7.7160259806947495
1002,Jeremy Chinn,7.803708094111736
1003,Jimmy Moreland,7.891390207528721
1004,Elijhaa Penny,7.014569073358863
1005,Nate Solder,6.313112166022977
1006,Tarell Basham,7.189933300192835
1007,Braxton Berrios,7.979072320945707
1008,T.J. Logan,8.154436547779678
1009,Josh Adams,7.803708094111736
1010,Jake Kumerow,7.6283438672777635
1011,Ian Thomas,7.27761541360982
1012,Jakobi Meyers,7.452979640443792
1013,Mario Edwards Jr,6.6638406196909195
1014,Nate Davis,5.699337372104076
1015,Tim Patrick,7.891390207528721
1016,Dorian O'Daniel,7.452979640443792
1017,Roosevelt Nix,6.839204846524892
1018,Drew Lock,7.27761541360982
1019,Kamu Grugier-Hill,7.803708094111736
1020,Sterling Hofrichter,6.488476392856948
1021,Justin Evans,7.6283438672777635
1022,Marvell Tell III,7.540661753860777
1023,Rashad Fenton,7.7160259806947495
1024,Logan Cooke,5.8747015989380476
1025,Davon Hamilton,6.05006582577202
1026,Jawaan Taylor,5.699337372104076
1027,Morgan Fox,6.576158506273934
1028,Deonte Harris,7.979072320945707
1029,Max Scharping,5.523973145270105
1030,Ifeadi Odenigbo,7.189933300192835
1031,Germain Ifedi,5.523973145270105
1032,Jake Butt,7.102251186775849
1033,DaeSean Hamilton,7.7160259806947495
1034,Matt Gay,6.137747939189005
1035,Donovan Smith,6.225430052605991
1036,Taco Charlton,6.926886959941878
1037,Justin Herbert,7.189933300192835
1038,Kai Forbath,6.400794279439962
1039,Damon Arnette Jr,7.7160259806947495
1040,Noah Igbinoghene,7.979072320945707
1041,A.J. Terrell,8.066754434362693
1042,Artie Burns,7.891390207528721
1043,Devontae Booker,7.6283438672777635
1044,Zach Kerr,6.05006582577202
1045,Chris Manhertz,6.839204846524892
1046,Bryan Edwards,7.7160259806947495
1047,Arden Key,6.839204846524892
1048,Riley Ridley,7.540661753860777
1049,Ryan Glasgow,5.962383712355034
1050,McTelvin Agim,6.400794279439962
1051,Garett Bolles,6.488476392856948
1052,Byron Pringle,7.979072320945707
1053,Cedrick Wilson,7.7160259806947495
1054,Kristian Fulton,7.891390207528721
1055,Jayron Kearse,7.365297527026806
1056,Julian Blackmon,7.891390207528721
1057,Jordan Lucas,7.891390207528721
1058,Damien Harris,7.6283438672777635
1059,Stephen Weatherly,7.189933300192835
1060,Darrynton Evans,8.066754434362693
1061,Daniel Carlson,6.488476392856948
1062,Darrell Taylor,7.27761541360982
1063,Reggie Gilbert,6.839204846524892
1064,Jeremiah Attaochu,7.365297527026806
1065,Damion Ratley,8.154436547779678
1066,Kevin Minter,6.7515227331079055
1067,Leki Fotu,5.8747015989380476
1068,Joe Looney,5.962383712355034
1069,Justin March,7.102251186775849
1070,Jamize Olawale,7.452979640443792
1071,Tyrod Taylor,7.6283438672777635
1072,Ryan Allen,6.137747939189005
1073,Deone Bucannon,7.7160259806947495
1074,John Cominsky,7.189933300192835
1075,Riley Dixon,6.137747939189005
1076,Tarvarius Moore,8.154436547779678
1077,Trevon Diggs,7.7160259806947495
1078,Troy Apke,8.242118661196663
1079,Dane Cruikshank,8.066754434362693
1080,Ke'Shawn Vaughn,7.803708094111736
1081,Patrick Laird,7.540661753860777
1082,Jermaine Carter Jr,7.27761541360982
1083,Bo Scarbrough,7.7160259806947495
1084,Justin Rohrwasser,5.348608918436133
1085,Ogbonnia Okoronkwo,7.189933300192835
1086,Malik Harrison,7.365297527026806
1087,Bronson Rechsteiner,7.7160259806947495
1088,Luke Willson,7.365297527026806
1089,Shamar Stephen,5.523973145270105
1090,Kerry Hyder,6.488476392856948
1091,Javon Wims,7.7160259806947495
1092,Gabriel Davis,7.803708094111736
1093,Dre'Mont Jones,6.400794279439962
1094,DeMarcus Walker,6.6638406196909195
1095,Zach Allen,6.488476392856948
1096,Lamont Gaillard,5.8747015989380476
1097,Cameron Johnston,6.576158506273934
1098,Charles Harris,7.189933300192835
1099,Josh Jones,8.066754434362693
1100,Sheldrick Redwine,7.891390207528721
1101,Isaac Yiadom,7.891390207528721
1102,Ryan Smith,7.803708094111736
1103,Ibraheim Campbell,7.6283438672777635
1104,Phillip Gaines,7.979072320945707
1105,Dean Marlowe,7.452979640443792
1106,Frankie Luvu,6.839204846524892
1107,Brett Maher,6.400794279439962
1108,Lane Taylor,5.085562578185176
1109,Alex Armah Jr,7.189933300192835
1110,Greg Little,5.348608918436133
1111,Antonio Gibson,7.979072320945707
1112,Foster Moreau,7.189933300192835
1113,Jon Bostic,7.365297527026806
1114,Antonio Gandy-Golden,7.540661753860777
1115,Kevin Pierre-Louis,7.540661753860777
1116,Jordan Thomas,7.102251186775849
1117,Tyler Bass,6.6638406196909195
1118,Scotty Miller,8.242118661196663
1119,Trevon Coley,6.313112166022977
1120,Ricardo Louis,7.979072320945707
1121,Jamon Brown,5.962383712355034
1122,Laquon Treadwell,7.540661753860777
1123,Kavon Frazier,7.540661753860777
1124,Leon Jacobs,7.7160259806947495
1125,Keion Crossen,8.32980077461365
1126,Cameron Sutton,7.7160259806947495
1127,Nate Hairston,7.7160259806947495
1128,Quincy Williams,7.6283438672777635
1129,D.J. Reed Jr,7.891390207528721
1130,Will Harris,7.891390207528721
1131,Julian Okwara,7.540661753860777
1132,Lynn Bowden Jr,7.803708094111736
1133,Zack Baun,7.452979640443792
1134,Brandon Dunn,5.699337372104076
1135,Joe Flacco,6.313112166022977
1136,Andrew Van Ginkel,7.452979640443792
1137,Andre Dillard,6.488476392856948
1138,Shelton Gibson,8.154436547779678
1139,George Odum,7.979072320945707
1140,LeShaun Sims,7.6283438672777635
1141,Chandon Sullivan,7.6283438672777635
1142,Trenton Cannon,8.066754434362693
1143,Devin Asiasi,7.102251186775849
1144,Maurice Harris,7.6283438672777635
1145,Ben Burr-Kirven,7.540661753860777
1146,Rasheem Green,7.102251186775849
1147,DeAndre Carter,7.979072320945707
1148,Anthony Firkser,6.839204846524892
1149,John Jenkins,5.523973145270105
1150,Akeem Davis-Gaither,7.7160259806947495
1151,Trey Hopkins,5.436291031853119
1152,Renell Wren,6.313112166022977
1153,Patrick DiMarco,6.400794279439962
1154,Chris Hubbard,6.05006582577202
1155,Rodrigo Blankenship,6.488476392856948
1156,Sam Eguavoen,7.189933300192835
1157,Nathan Gerry,7.6283438672777635
1158,Duke Riley,7.540661753860777
1159,Levine Toilolo,6.488476392856948
1160,Cody Davis,7.7160259806947495
1161,Michael Ojemudia,7.979072320945707
1162,Amik Robertson,7.803708094111736
1163,Marquis Haynes,7.189933300192835
1164,Keith Kirkwood,7.979072320945707
1165,Rodney Anderson,7.803708094111736
1166,Ty Johnson,8.066754434362693
1167,Marcell Ateman,7.540661753860777
1168,Keelan Doss,7.6283438672777635
1169,Sam Sloman,5.699337372104076
1170,Austin Carr,7.540661753860777
1171,Sutton Smith,7.27761541360982
1172,Olabisi Johnson,7.803708094111736
1173,Jason Croom,7.27761541360982
1174,Mike Purcell,5.61165525868709
1175,Malik Reed,6.7515227331079055
1176,Jordan Elliott,6.313112166022977
1177,Wyatt Teller,5.61165525868709
1178,Cameron Erving,5.787019485521062
1179,Mack Hollins,7.803708094111736
1180,Marcus Mariota,7.7160259806947495
1181,John Hightower,8.066754434362693
1182,Hassan Ridgeway,6.225430052605991
1183,Greg Van Roten,5.699337372104076
1184,Joe Dahl,5.787019485521062
1185,Darian Thompson,7.540661753860777
1186,Ugo Amadi,7.7160259806947495
1187,M.J. Stewart Jr,7.540661753860777
1188,Ryan Lewis,7.979072320945707
1189,Jordan Richards,7.452979640443792
1190,Sherrick McManis,7.540661753860777
1191,Shilique Calhoun,6.839204846524892
1192,Greg Gaines,5.8747015989380476
1193,Jaleel Scott,7.6283438672777635
1194,Anthony Chickillo,6.839204846524892
1195,Adam Trautman,7.014569073358863
1196,Deon Cain,7.979072320945707
1197,Kalif Raymond,8.242118661196663
1198,Kevin Huber,5.962383712355034
1199,Ray-Ray McCloud III,7.891390207528721
1200,Lloyd Cushenberry III,5.523973145270105
1201,Forrest Lamp,6.225430052605991
1202,Alex Smith,6.576158506273934
1203,Steven Means,7.014569073358863
1204,Cody Core,7.891390207528721
1205,David Mayo,7.102251186775849
1206,Lano Hill,7.803708094111736
1207,Cordrea Tankersley,8.066754434362693
1208,Tony Brown,8.242118661196663
1209,Treyvon Hester,6.05006582577202
1210,Jace Sternberger,7.102251186775849
1211,Michael Schofield III,6.137747939189005
1212,D'Andre Walker,7.189933300192835
1213,Ben Garland,5.699337372104076
1214,Trevor Davis,7.979072320945707
1215,Adam Shaheen,7.102251186775849
1216,Kendall Lamm,5.436291031853119
1217,Sione Takitaki,7.452979640443792
1218,Tyler Johnson,7.7160259806947495
1219,Jalen Hurts,7.540661753860777
1220,Rodney Gunter,6.225430052605991
1221,Rashaan Gaulden,7.540661753860777
1222,Geno Stone,7.540661753860777
1223,Roderic Teamer Jr,7.540661753860777
1224,Johnson Bademosi,7.7160259806947495
1225,Isaiah Johnson,8.066754434362693
1226,Sam Beal,7.891390207528721
1227,Dwayne Washington,7.803708094111736
1228,Stefen Wisniewski,5.173244691602162
1229,Angelo Blackson,6.313112166022977
1230,Jalen Hurd,7.803708094111736
1231,Cethan Carter,7.27761541360982
1232,Nick Vannett,6.576158506273934
1233,Elijah Wilkinson,5.787019485521062
1234,Malik Jefferson,7.6283438672777635
1235,Willie Gay Jr,7.7160259806947495
1236,Ben Niemann,7.189933300192835
1237,George Fant,6.7515227331079055
1238,Harvey Langi,7.365297527026806
1239,Brandon Jones,7.803708094111736
1240,Jabari Zuniga,7.365297527026806
1241,Nick Williams,6.313112166022977
1242,Josiah Scott,8.066754434362693
1243,Duke Dawson Jr,7.891390207528721
1244,Derek Rivers,7.452979640443792
1245,Darrel Williams,7.6283438672777635
1246,Jihad Ward,6.05006582577202
1247,Nate Orchard,6.839204846524892
1248,Jordan Evans,7.7160259806947495
1249,Stanley Morgan Jr,7.7160259806947495
1250,Drew Sample,7.189933300192835
1251,B.J. Goodson,7.189933300192835
1252,Sheldon Day,6.05006582577202
1253,Reece Fountain,7.803708094111736
1254,Al-Quadin Muhammad,7.189933300192835
1255,Gary Jennings,8.066754434362693
1256,Avery Moss,6.926886959941878
1257,James Carpenter,5.348608918436133
1258,Younghoe Koo,6.225430052605991
1259,Kaleb McGary,6.225430052605991
1260,Josh Oliver,7.452979640443792
1261,Geremy Davis,7.7160259806947495
1262,Marcell Harris,7.540661753860777
1263,Rudy Ford,8.066754434362693
1264,Steven Parker,7.540661753860777
1265,John Miller,5.61165525868709
1266,Troy Pride Jr,8.066754434362693
1267,Nicholas Morrow,7.6283438672777635
1268,Daniel Ross,6.313112166022977
1269,Brian Hill,7.7160259806947495
1270,John Kelly,7.452979640443792
1271,Anthony McFarland,7.979072320945707
1272,Jachai Polite,7.102251186775849
1273,Amara Darboh,7.803708094111736
1274,Chad Hansen,7.803708094111736
1275,Armon Watts,5.699337372104076
1276,Anthony Nelson,6.839204846524892
1277,Matthew Adams,7.540661753860777
1278,Josh Rosen,6.576158506273934
1279,Matt Hennessy,5.787019485521062
1280,Austin Johnson,5.348608918436133
1281,C.J. Board,8.066754434362693
1282,Halapoulivaati Vaitai,5.523973145270105
1283,Josiah Deguara,7.27761541360982
1284,Adrian Colbert,8.066754434362693
1285,DeShon Elliott,7.540661753860777
1286,Ka'Dar Hollman,8.154436547779678
1287,Torry McTyer,8.066754434362693
1288,Danny Vitale,7.365297527026806
1289,Terrell Lewis,7.27761541360982
1290,Michael Burton,7.102251186775849
1291,Chris Wormley,6.7515227331079055
1292,Tom Compton,6.05006582577202
1293,Duke Williams,7.365297527026806
1294,Porter Gustin,7.27761541360982
1295,Jacob Phillips,7.365297527026806
1296,Justin Watson,7.979072320945707
1297,Dalton Schultz,7.102251186775849
1298,Case Keenum,6.839204846524892
1299,Davion Taylor,7.803708094111736
1300,LaRoy Reynolds,7.27761541360982
1301,John Franklin-Myers,6.926886959941878
1302,Jonotthan Harrison,5.699337372104076
1303,Derrick Kindred,7.540661753860777
1304,Nate Ebner,7.452979640443792
1305,Iman Lewis-Marshall,7.7160259806947495
1306,Darnay Holmes,7.979072320945707
1307,Anthony Averett,8.154436547779678
1308,Tanner Muse,7.891390207528721
1309,Kyle Wilber,7.102251186775849
1310,Rod Smith,7.452979640443792
1311,De'Anthony Thomas,7.979072320945707
1312,MyCole Pruitt,7.452979640443792
1313,Dru Samia,5.523973145270105
1314,Austin Calitro,7.27761541360982
1315,Billy Price,5.787019485521062
1316,Chad Thomas,7.102251186775849
1317,Trent Sherfield,7.979072320945707
1318,Joe Reed,7.891390207528721
1319,Isaac Rochell,6.6638406196909195
1320,Collin Johnson,7.540661753860777
1321,Jaquan Johnson,7.365297527026806
1322,Jordan Dangerfield,7.365297527026806
1323,T.J. Green,8.154436547779678
1324,Corey Ballentine,7.891390207528721
1325,Greg Mabin,7.7160259806947495
1326,Bryce Hall,7.7160259806947495
1327,L'Jarius Sneed,8.154436547779678
1328,Anfernee Jennings,7.102251186775849
1329,Christian Wade,7.891390207528721
1330,Dare Ogunbowale,7.540661753860777
1331,Mike Boone,7.891390207528721
1332,Shy Tuttle,6.576158506273934
1333,Alex Highsmith,7.189933300192835
1334,Greg Joseph,6.400794279439962
1335,Chad Beebe,7.540661753860777
1336,Jaleel Johnson,5.787019485521062
1337,Eric Saubert,7.27761541360982
1338,Xavier Su'a-Filo,6.225430052605991
1339,Harrison Bryant,7.189933300192835
1340,Tae Davis,7.014569073358863
1341,Dan Feeney,5.61165525868709
1342,Austin Reiter,5.699337372104076
1343,Jon'Vea Johnson,8.066754434362693
1344,Robert Hunt,5.436291031853119
1345,Russell Gage Jr,7.803708094111736
1346,James Burgess Jr,7.014569073358863
1347,Austin Bryant,6.839204846524892
1348,Quintez Cephus,7.6283438672777635
1349,Equanimeous St. Brown,7.891390207528721
1350,Joshua Kelley,7.803708094111736
1351,J.J. Taylor,7.540661753860777
1352,Daylon Mack,6.05006582577202
1353,Emanuel Hall,8.154436547779678
1354,L.J. Collier,6.576158506273934
1355,Eddie Yarbrough,6.839204846524892
1356,Damion Square,5.436291031853119
1357,Andrew Wylie,5.962383712355034
1358,James Crawford,6.926886959941878
1359,Robert Griffin III,7.452979640443792
1360,Lerentee McCray,6.926886959941878
1361,Chuma Edoga,5.8747015989380476
1362,Travis Fulgham,7.6283438672777635
1363,Efe Obada,7.365297527026806
1364,Kenny Robinson Jr,7.6283438672777635
1365,Justin Bethel,7.540661753860777
1366,Matt LaCosse,7.102251186775849
1367,Kevin Toliver II,7.803708094111736
1368,Cameron Dantzler,7.6283438672777635
1369,Alohi Gilman,7.540661753860777
1370,Darwin Thompson,7.803708094111736
1371,La'Mical Perine,7.452979640443792
1372,Dan McCullers,5.260926805019147
1373,Cullen Gillaspia,7.7160259806947495
1374,Mark Nzeocha,7.365297527026806
1375,Darnell Mooney,8.154436547779678
1376,Damion Willis,7.803708094111736
1377,Kaare Vedvik,6.488476392856948
1378,Fred Brown,7.891390207528721
1379,Jeremiah Ledbetter,6.839204846524892
1380,Johnnie Dixon,8.066754434362693
1381,Daeshon Hall,7.014569073358863
1382,Bronson Kaufusi,6.6638406196909195
1383,Tyrell Crosby,5.699337372104076
1384,Pharoh Cooper,7.6283438672777635
1385,Jordan Kunaszyk,7.102251186775849
1386,Corn Elder,7.891390207528721
1387,Blidi Wreh-Wilson,7.540661753860777
1388,Tremon Smith,8.154436547779678
1389,Tyler Ervin,7.979072320945707
1390,Damien Lewis,5.61165525868709
1391,Juwann Winfree,7.7160259806947495
1392,KhaDarel Hodge,7.6283438672777635
1393,J'Mon Moore,7.6283438672777635
1394,Alex Cappa,5.348608918436133
1395,Dan Arnold,7.27761541360982
1396,Tanner Vallejo,7.365297527026806
1397,Ryan Winslow,6.488476392856948
1398,Chase McLaughlin,6.400794279439962
1399,Nick Mullens,6.6638406196909195
1400,Terry Godwin II,7.803708094111736
1401,Kyle Phillips,7.365297527026806
1402,Dalton Keene,7.27761541360982
1403,Khalfani Muhammad,8.154436547779678
1404,Myles Gaskin,7.6283438672777635
1405,B.J. Finney,5.523973145270105
1406,Cameron Batson,8.154436547779678
1407,Ezra Cleveland,6.576158506273934
1408,Brett Jones,5.962383712355034
1409,Troy Fumagalli,6.839204846524892
1410,Albert Okwuegbunam,7.7160259806947495
1411,Donovan Peoples-Jones,7.891390207528721
1412,Justin Zimmer,6.576158506273934
1413,Jaydon Mickens,7.7160259806947495
1414,Jonathan Bullard,6.488476392856948
1415,Zaire Franklin,7.452979640443792
1416,Mykal Walker,7.365297527026806
1417,Ryan Connelly,7.365297527026806
1418,Elijah Lee,7.189933300192835
1419,Antoine Brooks Jr,7.452979640443792
1420,Lenzy Pipkins,7.891390207528721
1421,Davontae Harris,8.066754434362693
1422,Josh Hawkins,8.066754434362693
1423,A.J. Cole III,5.699337372104076
1424,Eric Kush,5.962383712355034
1425,Sebastian Joseph-Day,6.400794279439962
1426,Jeff Wilson Jr,7.6283438672777635
1427,Ryquell Armstead,7.891390207528721
1428,Khaleke Hudson,7.6283438672777635
1429,Jason Huntley,7.891390207528721
1430,Phil Haynes,5.787019485521062
1431,Chukwuma Okorafor,5.436291031853119
1432,Isaiah Coulter,7.979072320945707
1433,Bobby Hart,4.471787784266275
1434,Khalid Kareem,6.926886959941878
1435,Bryan Cox Jr,6.6638406196909195
1436,Miles Brown,5.436291031853119
1437,Kylie Fitts,7.27761541360982
1438,Josh Jones,5.523973145270105
1439,Mo Alie-Cox,7.102251186775849
1440,Shareef Miller,7.189933300192835
1441,Vyncint Smith,8.154436547779678
1442,Nick Bawden,7.189933300192835
1443,Dennis Daley,5.699337372104076
1444,Chris Smith,7.102251186775849
1445,John Reid,7.803708094111736
1446,Samaje Perine,7.6283438672777635
1447,Caleb Brantley,6.05006582577202
1448,James Hurst,4.559469897683261
1449,Craig Robertson,6.7515227331079055
1450,Jonathan Greenard,6.926886959941878
1451,Isaiah Irving,6.7515227331079055
1452,Diontae Spencer,8.066754434362693
1453,Michael Dogbe,6.137747939189005
1454,Scott Quessenberry,6.05006582577202
1455,Tommy Townsend,7.102251186775849
1456,Chandler Cox,6.926886959941878
1457,Quez Watkins,8.242118661196663
1458,Cameron Fleming,5.436291031853119
1459,Spencer Pulley,5.962383712355034
1460,Neville Hewitt,7.27761541360982
1461,Kingsley Keke,6.488476392856948
1462,Deon Bush,7.6283438672777635
1463,Justin Hardee Sr,8.154436547779678
1464,Reggie Robinson II,7.979072320945707
1465,Brian Allen,5.436291031853119
1466,Jordan Miller,7.803708094111736
1467,Jamal Perry,8.066754434362693
1468,Micah Kiser,7.365297527026806
1469,Joseph Noteboom,6.488476392856948
1470,Troy Reeder,7.452979640443792
1471,Josh Harvey-Clemons,7.102251186775849
1472,Richard Rodgers,6.7515227331079055
1473,Cam Sims,7.6283438672777635
1474,Jeremy Sprinkle,7.365297527026806
1475,Trayveon Williams,7.803708094111736
1476,Dontrell Hilliard,8.066754434362693
1477,Karan Higdon,7.803708094111736
1478,Kahale Warring,7.27761541360982
1479,Jermaine Grace,7.6283438672777635
1480,Josh Wells,5.348608918436133
1481,Justin Murray,6.488476392856948
1482,Ty Long,6.576158506273934
1483,Grover Stewart,5.962383712355034
1484,Justin McCray,4.734834124517233
1485,David Sills V,7.6283438672777635
1486,Kaden Smith,6.7515227331079055
1487,Trevon Wesco,6.6638406196909195
1488,Russell Bodine,5.61165525868709
1489,Jalen Reeves-Maybin,7.27761541360982
1490,Montravius Adams,6.6638406196909195
1491,Jakob Johnson,6.137747939189005
1492,Josh Metellus,7.6283438672777635
1493,Sharrod Neasman,7.189933300192835
1494,Geron Christian Sr,5.523973145270105
1495,Dexter Williams,7.7160259806947495
1496,Nick Bellore,6.7515227331079055
1497,Shaun Wilson,7.891390207528721
1498,Anthony Johnson,7.6283438672777635
1499,Isaiah Mack,6.400794279439962
1500,Isaiah Wilson,5.436291031853119
1501,Troy Dye,7.452979640443792
1502,Cameron Smith,7.27761541360982
1503,Ross Dwelley,6.7515227331079055
1504,Joe Walker,7.365297527026806
1505,Devante Bond,7.189933300192835
1506,Justin Hollins,7.540661753860777
1507,Trevon Young,7.014569073358863
1508,Darius Jennings,7.891390207528721
1509,Michael Deiter,5.699337372104076
1510,Zach Sieler,6.839204846524892
1511,Kyle Allen,7.189933300192835
1512,Olamide Zaccheaus,7.803708094111736
1513,Joe Giles-Harris,7.102251186775849
1514,Jack Fox,7.102251186775849
1515,Darrius Shepherd,7.6283438672777635
1516,Matthew Slater,7.540661753860777
1517,Brandon Facyson,7.7160259806947495
1518,Darious Williams,7.979072320945707
1519,Tye Smith,7.6283438672777635
1520,Brycen Hopkins,7.365297527026806
1521,James Proche,7.7160259806947495
1522,Wes Schweitzer,5.8747015989380476
1523,Nick Easton,5.8747015989380476
1524,Eno Benjamin,7.6283438672777635
1525,Taylor Stallworth,5.523973145270105
1526,Colby Parkinson,7.014569073358863
1527,John Ursua,7.6283438672777635
1528,Eddie Vanderdoes,6.400794279439962
1529,Derick Roberson,7.102251186775849
1530,K.J. Osborn,7.803708094111736
1531,Jullian Taylor,6.488476392856948
1532,Andrew Brown,6.225430052605991
1533,Tyler Matakevich,6.839204846524892
1534,Ashton Dulin,7.979072320945707
1535,Jason Strowbridge,6.6638406196909195
1536,Chris Lacy,7.803708094111736
1537,Oren Burks,7.540661753860777
1538,Christian Miller,6.7515227331079055
1539,Chris Banjo,7.540661753860777
1540,John Simpson,5.61165525868709
1541,Nate Meadors,7.7160259806947495
1542,Bobby Evans Jr,5.787019485521062
1543,Deshazor Everett,7.540661753860777
1544,Ben Powers,5.962383712355034
1545,Andre Smith,5.085562578185176
1546,Travis Homer,7.891390207528721
1547,Demarcus Christmas,5.962383712355034
1548,Carlos Watkins,6.488476392856948
1549,Jalyn Holmes,6.839204846524892
1550,Justin Skule,5.61165525868709
1551,Trevis Gipson,7.27761541360982
1552,Joel Iyiegbuniwe,7.452979640443792
1553,Alex Redmond,5.523973145270105
1554,Tyler Newsome,5.8747015989380476
1555,Bradlee Anae,6.6638406196909195
1556,Jesse Davis,5.436291031853119
1557,Dakota Allen,7.014569073358863
1558,Donovan Wilson,7.365297527026806
1559,Derek Carrier,7.452979640443792
1560,Daniel Thomas,7.803708094111736
1561,Siran Neal,7.6283438672777635
1562,Dontae Johnson,7.803708094111736
1563,Nick O'Leary,6.488476392856948
1564,Dane Jackson,7.6283438672777635
1565,Greg Dortch,7.6283438672777635
1566,Wes Martin,5.173244691602162
1567,Tim Settle,5.787019485521062
1568,D'Ernest Johnson,7.6283438672777635
1569,Alton Robinson,7.27761541360982
1570,Senio Kelemete,5.523973145270105
1571,D.J. Wonnum,7.102251186775849
1572,Rakeem Nunez-Roches,6.225430052605991
1573,Stephen Anderson,7.365297527026806
1574,Curtis Weaver,7.189933300192835
1575,Austin Larkin,6.488476392856948
1576,Dontavius Russell,5.962383712355034
1577,Miles Killebrew,7.6283438672777635
1578,David Edwards,5.523973145270105
1579,Jaylinn Hawkins,7.6283438672777635
1580,Harrison Hand,7.7160259806947495
1581,Tyre Phillips,5.260926805019147
1582,C.J. Goodwin,7.803708094111736
1583,Neiko Thorpe,7.7160259806947495
1584,Juston Burris,7.6283438672777635
1585,Saeed Blacknall,8.066754434362693
1586,Isaiah Buggs,5.8747015989380476
1587,Qadree Ollison,7.540661753860777
1588,Ty Sambrailo,5.348608918436133
1589,Dillon Mitchell,7.891390207528721
1590,Spencer Long,5.787019485521062
1591,Corey Thompson,7.365297527026806
1592,Jonathan Woodard,6.576158506273934
1593,Joel Heath,6.313112166022977
1594,Gabe Nabers,6.576158506273934
1595,Gerri Green,7.452979640443792
1596,Connor McGovern,5.787019485521062
1597,Durham Smythe,6.926886959941878
1598,Carter Coughlin,7.540661753860777
1599,Michael Walker,7.891390207528721
1600,Jason Cabinda,7.27761541360982
1601,Jamal Davis II,7.540661753860777
1602,Ryan Izzo,6.488476392856948
1603,Justin Lawler,6.400794279439962
1604,Doug Middleton,7.6283438672777635
1605,C.J. Reavis,7.540661753860777
1606,Xavier Crawford,7.891390207528721
1607,Dont'e Deayon,7.6283438672777635
1608,Tae Hayes,7.6283438672777635
1609,Duke Thomas,7.891390207528721
1610,Logan Thomas,7.27761541360982
1611,Tommylee Lewis,7.891390207528721
1612,Ricky Ortiz,6.6638406196909195
1613,DeeJay Dallas,7.540661753860777
1614,Trey Edmunds,7.891390207528721
1615,Cody Hollister,7.540661753860777
1616,Aviante Collins,6.839204846524892
1617,Chris Thompson,7.891390207528721
1618,Josh Tupou,5.348608918436133
1619,Dylan Cantrell,7.365297527026806
1620,Emeke Egbule,7.365297527026806
1621,Matt Barkley,6.313112166022977
1622,Chris Peace,7.102251186775849
1623,Daniel Brown,7.452979640443792
1624,Cameron Clark,5.523973145270105
1625,Reggie Ragland,7.014569073358863
1626,Billy Turner,5.699337372104076
1627,Andrew Soroh,7.6283438672777635
1628,Sean Chandler,7.365297527026806
1629,Kenny Young,7.365297527026806
1630,Brian Allen,7.979072320945707
1631,Ken Webster,7.979072320945707
1632,Adonis Alexander,7.6283438672777635
1633,Tevaughn Campbell,8.066754434362693
1634,Cameron Malveaux,7.014569073358863
1635,Elijah McGuire,7.803708094111736
1636,Tyler Conklin,6.926886959941878
1637,Kentavius Street,6.7515227331079055
1638,Isaiah Hodgins,7.540661753860777
1639,Mike Love,6.839204846524892
1640,Tommy Sweeney,6.6638406196909195
1641,Justin Strnad,7.540661753860777
1642,Nick Harris,6.05006582577202
1643,Rashard Lawrence,6.137747939189005
1644,K.J. Hill,7.540661753860777
1645,Andre Patton,7.7160259806947495
1646,Gehrig Dieter,7.540661753860777
1647,Dezmon Patmon,7.803708094111736
1648,Austin Jackson,6.137747939189005
1649,Taysom Hill,7.891390207528721
1650,Jeff Smith,8.154436547779678
1651,Tyler Larsen,5.699337372104076
1652,Austin Corbett,5.8747015989380476
1653,Kentrell Brice,7.891390207528721
1654,Kindle Vildor,7.891390207528721
1655,Kevin Peterson,7.540661753860777
1656,A.J. Moore Jr,8.066754434362693
1657,Lil'Jordan Humphrey,7.189933300192835
1658,Taquan Mizzell Sr,7.6283438672777635
1659,Kerrith Whyte Jr,8.066754434362693
1660,Dennis Kelly,5.085562578185176
1661,Drew Forbes,6.488476392856948
1662,Colby Gossett,5.787019485521062
1663,Elliott Fry,5.699337372104076
1664,Michael Danna,7.014569073358863
1665,Lucas Niang,5.523973145270105
1666,Brandon Powell,7.540661753860777
1667,Brett Hundley,7.365297527026806
1668,Matthew Peart,6.137747939189005
1669,Shaquille Quarterman,7.102251186775849
1670,Hunter Bryant,7.27761541360982
1671,Kenny Wiggins,4.559469897683261
1672,Bravvion Roy,5.8747015989380476
1673,Brandon Parker,5.260926805019147
1674,Natrell Jamerson,8.066754434362693
1675,Ben Bredeson,5.523973145270105
1676,Armani Watts,7.452979640443792
1677,Darius Jackson,7.979072320945707
1678,Brandon Shell,5.61165525868709
1679,Jordan Scarlett,7.891390207528721
1680,Tony Brooks-James,7.803708094111736
1681,James Lynch,6.313112166022977
1682,Kenny Willekes,6.7515227331079055
1683,Jauan Jennings,7.27761541360982
1684,Alex Wesley,7.979072320945707
1685,Mike Thomas,7.6283438672777635
1686,Pharaoh Brown,6.839204846524892
1687,Khalil Davis,7.102251186775849
1688,Tyler Biadasz,5.260926805019147
1689,Michael Roberts,6.7515227331079055
1690,Shaun Bradley,7.6283438672777635
1691,Robert Davis,7.979072320945707
1692,Anthony Rush,5.523973145270105
1693,Christian Blake,7.803708094111736
1694,Eric Tomlinson,6.926886959941878
1695,Will Richardson Jr,5.699337372104076
1696,Victor Bolden Jr,7.891390207528721
1697,Broderick Washington Jr,6.137747939189005
1698,Arthur Maulet,7.540661753860777
1699,Isaiah Rodgers,7.891390207528721
1700,Javaris Davis,8.154436547779678
1701,Nate Brooks,7.452979640443792
1702,Olasunkanmi Adeniyi,6.839204846524892
1703,Azeez Al-Shaair,7.189933300192835
1704,Alex Barrett,6.400794279439962
1705,James Vaughters,6.576158506273934
1706,Darryl Johnson Jr,6.839204846524892
1707,Cortez Broughton,6.400794279439962
1708,Jack Driscoll,6.313112166022977
1709,Joe Ostman,6.926886959941878
1710,Ben Bartch,5.962383712355034
1711,Joshua Garnett,5.348608918436133
1712,Isaac Nauta,6.839204846524892
1713,Christian Sam,7.102251186775849
1714,Ty Summers,7.6283438672777635
1715,Brandon Zylstra,7.452979640443792
1716,Nsimba Webster,7.7160259806947495
1717,Patrick Mekari,5.085562578185176
1718,Kamren Curl,7.540661753860777
1719,Jermaine Kelly Jr,7.7160259806947495
1720,De'Vante Bausby,7.6283438672777635
1721,Chris Westry,8.242118661196663
1722,Tim Harris,7.7160259806947495
1723,Freddie Swain,7.979072320945707
1724,D.J. Foster,7.803708094111736
1725,Reggie Bonnafon,7.7160259806947495
1726,David Long Jr,7.365297527026806
1727,Kevin Givens,6.137747939189005
1728,J.P. Holtz,6.926886959941878
1729,Brady Sheldon,7.7160259806947495
1730,Vosean Joseph,7.540661753860777
1731,T.J. Edwards,6.7515227331079055
1732,Casey Toohill,7.452979640443792
1733,RJ McIntosh,6.137747939189005
1734,Mason Rudolph,6.6638406196909195
1735,Chase Daniel,6.488476392856948
1736,Jonah Jackson,5.699337372104076
1737,Marcus Allen,7.452979640443792
1738,Andrew Wingard,7.6283438672777635
1739,Trey Marshall,7.7160259806947495
1740,Jordan Fuller,7.452979640443792
1741,Ryan Neal,7.891390207528721
1742,Carl Granderson,6.926886959941878
1743,Simeon Thomas,7.891390207528721
1744,Jordan Brown,7.803708094111736
1745,Brandon Watson,7.7160259806947495
1746,Elijah Holyfield,7.365297527026806
1747,Larrell Murchison,6.225430052605991
1748,Rashod Hill,5.436291031853119
1749,Markus Bailey,7.189933300192835
1750,Jason Moore,7.6283438672777635
1751,E.J. Speed,7.452979640443792
1752,Julie'n Davenport,4.9978804647681905
1753,Marcus Green,8.066754434362693
1754,Devin Gray,7.979072320945707
1755,Khari Lee,6.576158506273934
1756,Jacob Eason,6.6638406196909195
1757,Woodrow Hamilton,5.436291031853119
1758,Denzelle Good,5.260926805019147
1759,Shalom Luani,7.6283438672777635
1760,Marcus Epps,7.6283438672777635
1761,Dallin Leavitt,7.6283438672777635
1762,Charles Washington,7.803708094111736
1763,Chance Warmack,4.647152011100246
1764,Kevin Dotson,5.787019485521062
1765,Tuzar Skipper,6.6638406196909195
1766,Jordan Chunn,7.452979640443792
1767,Charlie Woerner,7.014569073358863
1768,Ben Braunecker,7.189933300192835
1769,Mason Cole,5.61165525868709
1770,Jalen Guyton,8.154436547779678
1771,Robert Windsor,6.576158506273934
1772,Justin Hamilton,5.8747015989380476
1773,Joe Jackson,6.7515227331079055
1774,Albert Huggins Jr,5.962383712355034
1775,Prince Tega Wanogho,6.400794279439962
1776,Will Grier,6.839204846524892
1777,Oday Aboushi,4.822516237934218
1778,DeAndrew White,7.891390207528721
1779,Byron Cowart,5.8747015989380476
1780,Jordan Brailford,7.365297527026806
1781,Trayvon Henderson,7.540661753860777
1782,James Smith-Williams,7.452979640443792
1783,Duke Shelley,7.803708094111736
1784,Davion Davis,7.540661753860777
1785,Evan Boehm,5.348608918436133
1786,Jack Cichy,7.27761541360982
1787,PJ Johnson,5.348608918436133
1788,Trey Pipkins III,5.962383712355034
1789,Demone Harris,6.6638406196909195
1790,Alex Singleton,7.27761541360982
1791,Logan Stenberg,5.436291031853119
1792,Omar Bayless,7.540661753860777
1793,Deiondre' Hall,7.6283438672777635
1794,Saquan Hampton,7.6283438672777635
1795,Jamarco Jones,4.9101983513512035
1796,Tony McRae,7.540661753860777
1797,Deante Burton,7.7160259806947495
1798,Ulysees Gilbert III,7.7160259806947495
1799,Bennett Jackson,7.7160259806947495
1800,Joey Ivie,5.962383712355034
1801,Daniel Brunskill,5.787019485521062
1802,Reggie Davis,8.242118661196663
1803,Jesper Horsted,7.014569073358863
1804,John Franklin III,8.154436547779678
1805,Joe Haeg,5.787019485521062
1806,Jordan Glasgow,7.189933300192835
1807,Xavier Grimble,6.576158506273934
1808,Skai Moore,7.102251186775849
1809,Austin Edwards,6.839204846524892
1810,Keith Smith,6.576158506273934
1811,Joshua Dobbs,7.365297527026806
1812,Easton Stick,7.452979640443792
1813,Tyler Shatley,5.61165525868709
1814,Brian Hoyer,5.787019485521062
1815,Kevin Strong,5.61165525868709
1816,Chris Board,7.540661753860777
1817,Saahdiq Charles,6.225430052605991
1818,J.T. Gray,7.891390207528721
1819,Cornell Armstrong,7.979072320945707
1820,Parnell Motley,7.803708094111736
1821,Craig James,7.803708094111736
1822,Deatrick Nichols,7.979072320945707
1823,Quadree Henderson,7.803708094111736
1824,Jamil Douglas,5.523973145270105
1825,Jon Hilliman,7.803708094111736
1826,Joe Jones,7.6283438672777635
1827,Pat O'Connor,6.839204846524892
1828,Martinas Rankin,6.313112166022977
1829,Tevin Jones,7.803708094111736
1830,Trent Harris,6.313112166022977
1831,Jake Fromm,6.400794279439962
1832,Andre Smith,7.365297527026806
1833,Quincy Adeboyejo,8.066754434362693
1834,Michael Onwenu,4.822516237934218
1835,Dustin Woodard,5.8747015989380476
1836,Kendall Donnerson,7.6283438672777635
1837,Hale Hentges,6.7515227331079055
1838,Thaddeus Moss,7.102251186775849
1839,Garrett Griffin,7.014569073358863
1840,Donnie Lewis Jr,7.6283438672777635
1841,Antonio Hamilton,7.891390207528721
1842,Kris Boyd,7.979072320945707
1843,Shakial Taylor,7.891390207528721
1844,Danny Johnson,7.979072320945707
1845,Raymond Calais,8.066754434362693
1846,Daniel Ekuale,5.61165525868709
1847,Jordan Leggett,7.189933300192835
1848,Darrell Daniels,7.540661753860777
1849,Blake Bell,6.839204846524892
1850,Da'Mari Scott,7.803708094111736
1851,Frank Herron,6.137747939189005
1852,John Penisini,5.962383712355034
1853,Tashawn Bower,6.926886959941878
1854,Ross Pierschbacher,5.787019485521062
1855,Brian Cole II,7.7160259806947495
1856,Chris Milton,8.066754434362693
1857,Devine Ozigbo,7.452979640443792
1858,DaMarkus Lodge,7.6283438672777635
1859,Malik Carney,7.014569073358863
1860,Eli Ankou,5.699337372104076
1861,Ryan Groy,5.61165525868709
1862,Cole Hikutini,6.7515227331079055
1863,Edmond Robinson,7.27761541360982
1864,Blaine Gabbert,7.102251186775849
1865,Jamal Agnew,8.154436547779678
1866,Kamal Martin,7.365297527026806
1867,Robert Tonyan,7.452979640443792
1868,Gerald Willis III,5.8747015989380476
1869,Otaro Alaka,7.014569073358863
1870,C.J. Moore,7.979072320945707
1871,BoPete Keyes,7.6283438672777635
1872,Quenton Meeks,7.7160259806947495
1873,Will Redmond,7.891390207528721
1874,Donald Parham,7.365297527026806
1875,Devante Downs,6.839204846524892
1876,Shane Lemieux,6.05006582577202
1877,Chris Slayton,5.962383712355034
1878,Jarrett Stidham,6.926886959941878
1879,Jonathan Garvin,6.839204846524892
1880,Jordan Devey,5.348608918436133
1881,Jacob Breeland,6.926886959941878
1882,Jamal Carter,7.452979640443792
1883,Jake Gervase,7.6283438672777635
1884,Nigel Warrior,7.7160259806947495
1885,Stephen Denmark,7.979072320945707
1886,Montre Hartage,7.452979640443792
1887,Brandon Wilson,8.066754434362693
1888,Hercules Mata'afa,7.014569073358863
1889,Jonathan Harris,5.787019485521062
1890,Quinton Bell,7.7160259806947495
1891,Tanner Hudson,7.189933300192835
1892,Jaeden Graham,7.102251186775849
1893,Jeff Driskel,7.365297527026806
1894,Curtis Bolton,7.540661753860777
1895,Cole Wick,6.576158506273934
1896,Alexander Hollins,7.803708094111736
1897,Olisaemeka Udoh,6.05006582577202
1898,Colton McKivitz,5.348608918436133
1899,Evan Weaver,7.014569073358863
1900,Devaroe Lawrence,5.962383712355034
1901,Artavis Scott,7.7160259806947495
1902,Jalen Jelks,6.576158506273934
1903,Brian Price,5.787019485521062
1904,A.J. McCarron,6.400794279439962
1905,Jared Norris,7.102251186775849
1906,Branden Jackson,6.6638406196909195
1907,Cedric Ogbuehi,6.313112166022977
1908,Carlos Davis,6.839204846524892
1909,Vernon Scott,7.7160259806947495
1910,Nick Dzubnar,7.189933300192835
1911,Cale Garrett,6.839204846524892
1912,Andrew Beck,7.365297527026806
1913,Stephen Carlson,7.014569073358863
1914,Danny Pinter,6.576158506273934
1915,Tae Crowder,7.27761541360982
1916,Colt McCoy,6.576158506273934
1917,Tipa Galeai,7.189933300192835
1918,Tyler Marz,4.9101983513512035
1919,Joey Hunt,5.523973145270105
1920,Josiah Coatney,5.699337372104076
1921,Nick Scott,7.891390207528721
1922,Keisean Nixon,8.066754434362693
1923,Chris Jackson,7.891390207528721
1924,Stantley Thomas-Oliver III,7.891390207528721
1925,Steven Mitchell Jr,7.6283438672777635
1926,Brent Qvale,5.699337372104076
1927,Abdullah Anderson,5.962383712355034
1928,Michael Jordan,5.523973145270105
1929,Antony Auclair,6.6638406196909195
1930,Joe Gaziano,6.137747939189005
1931,Deon Yelder,7.014569073358863
1932,Tyler Davis,7.189933300192835
1933,Hjalte Froholdt,5.787019485521062
1934,Anthony Ratliff-Williams,7.6283438672777635
1935,Marquise Copeland,6.313112166022977
1936,Keith Ismael,5.348608918436133
1937,Roderick Johnson,6.6638406196909195
1938,Arrion Springs,7.891390207528721
1939,Rashard Davis,7.891390207528721
1940,Jessie Lemonier,6.926886959941878
1941,Ishmael Hyman,7.979072320945707
1942,Yodny Cajuste,5.61165525868709
1943,Emmanuel Ellerbee,7.365297527026806
1944,Stephen Sullivan,7.365297527026806
1945,Chris Cooper,7.891390207528721
1946,Rodney Clemons,7.365297527026806
1947,Raven Greene,7.803708094111736
1948,Stanford Samuels III,7.452979640443792
1949,Mazzi Wilkins,7.365297527026806
1950,Chris Claybrooks,8.242118661196663
1951,Mark Fields,8.154436547779678
1952,Tavierre Thomas,8.154436547779678
1953,Dakota Dozier,4.9101983513512035
1954,Isaiah Prince,6.05006582577202
1955,Josh Watson,7.189933300192835
1956,Kahzin Daniels,6.926886959941878
1957,Noah Dawkins,7.891390207528721
1958,Jacob Tuioti-Mariner,6.6638406196909195
1959,Cam Brown,7.27761541360982
1960,Jon Runyan,6.137747939189005
1961,DaVonte Lambert,6.576158506273934
1962,Brandon King,7.7160259806947495
1963,Jeremy Vujnovich,6.488476392856948
1964,Patrick Omameh,5.348608918436133
1965,Calvin Throckmorton,4.647152011100246
1966,Chad Wheeler,5.523973145270105
1967,Robert Spillane,7.014569073358863
1968,Marc-Antoine Dequoy,8.066754434362693
1969,Chris Williamson,7.979072320945707
1970,Patrick Morris,6.05006582577202
1971,Sam Tevi,5.436291031853119
1972,Luke Gifford,7.365297527026806
1973,Danny Isidora,6.313112166022977
1974,Solomon Kindley,4.9101983513512035
1975,Bruce Hector,6.400794279439962
1976,Josh Andrews,6.05006582577202
1977,James Morgan,6.488476392856948
1978,Charlie Heck,5.8747015989380476
1979,DeAndre Houston-Carson,7.6283438672777635
1980,Joshua Kalu,7.540661753860777
1981,Alex Brown,7.979072320945707
1982,Jalen Davis,7.979072320945707
1983,Dalyn Dawkins,7.540661753860777
1984,Jordan Franks,7.452979640443792
1985,Kyle Peko,5.8747015989380476
1986,Matt Lengel,6.400794279439962
1987,Ahmad Thomas,7.27761541360982
1988,Charles Jones,6.7515227331079055
1989,Cole McDonald,7.540661753860777
1990,Elijah Wellman,6.488476392856948
1991,Cassh Maluia,7.6283438672777635
1992,Gunner Olszewski,7.7160259806947495
1993,Caleb Wilson,7.540661753860777
1994,Davin Bellamy,6.926886959941878
1995,Hakeem Adeniji,5.8747015989380476
1996,Mason Schreck,7.014569073358863
1997,Tyrie Cleveland,7.891390207528721
1998,Nasir Player,6.839204846524892
1999,Jashon Cornell,6.576158506273934
2000,Johnny Mundt,7.102251186775849
2001,Chauncey Rivers,6.576158506273934
2002,Greg Mancz,5.962383712355034
2003,Donovan Olumba,7.452979640443792
2004,Bruce Anderson,7.540661753860777
2005,Craig Reynolds,7.365297527026806
2006,Kyle Hinton,6.6638406196909195
2007,Jason Spriggs,6.488476392856948
2008,Freedom Akinmoladun,6.488476392856948
2009,Anthony Fabiano,6.137747939189005
2010,Wyatt Ray,6.839204846524892
2011,Chris Reed,6.137747939189005
2012,Matt Schaub,5.436291031853119
2013,Tremayne Anchrum Jr,5.61165525868709
2014,Will Holden,4.9978804647681905
2015,Will Clapp,5.173244691602162
2016,Ethan Pocic,5.8747015989380476
2017,Lafayette Pitts,7.891390207528721
2018,Shon Coleman,5.787019485521062
2019,Rashaad Coward,5.8747015989380476
2020,Cody Wichmann,6.313112166022977
2021,Shaq Calhoun,6.137747939189005
2022,Chad Henne,5.523973145270105
2023,Ukeme Eligwe,7.452979640443792
2024,Cornelius Lucas III,5.348608918436133
2025,Bryan Mone,4.822516237934218
2026,Zach Banner,4.647152011100246
2027,Kareem Orr,7.365297527026806
2028,Breon Borders,7.803708094111736
2029,Jace Whittaker,7.7160259806947495
2030,Moritz Boehringer,7.6283438672777635
2031,Derrek Tuszka,6.926886959941878
2032,Chapelle Russell,7.365297527026806
2033,Adam Redmond,5.699337372104076
2034,Ahmad Gooden,6.488476392856948
2035,Jake Hanson,4.9101983513512035
2036,David Fales,6.313112166022977
2037,Calvin Taylor,6.05006582577202
2038,Nigel Harris,7.6283438672777635
2039,Chris Lammons,7.891390207528721
2040,Cole Luke,7.540661753860777
2041,D.J. Killings,7.891390207528721
2042,Kofi Amichia,6.400794279439962
2043,Max Garcia,5.523973145270105
2044,Matt Pryor,4.559469897683261
2045,Jake Luton,6.576158506273934
2046,Lucas Patrick,5.523973145270105
2047,Simon Stepaniak,5.699337372104076
2048,Natrez Patrick,6.6638406196909195
2049,Kaden Elliss,7.189933300192835
2050,Peter Kalambayi,7.452979640443792
2051,Ryan Nall,7.540661753860777
2052,Brandon Dillon,7.014569073358863
2053,Willie Harvey,7.365297527026806
2054,JoJo Natson,7.891390207528721
2055,Cole Christiansen,6.7515227331079055
2056,Nick Allegretti,5.436291031853119
2057,John Wetzel,4.9101983513512035
2058,B.J. Bello,7.540661753860777
2059,James Looney,6.6638406196909195
2060,P.J. Walker,7.189933300192835
2061,Jeremiah Valoaga,5.699337372104076
2062,Sam Young,5.348608918436133
2063,Tyrell Adams,7.27761541360982
2064,Matt Dickerson,6.137747939189005
2065,Rolan Milligan,7.452979640443792
2066,Robert Jackson,7.979072320945707
2067,Corey Levin,5.8747015989380476
2068,Lachavious Simmons,5.436291031853119
2069,Montrel Meander,7.979072320945707
2070,Jordan Mailata,5.962383712355034
2071,David Sharpe,5.085562578185176
2072,Jamil Demby,4.647152011100246
2073,Clay Johnston,7.27761541360982
2074,Jason Vander Laan,6.926886959941878
2075,David Quessenberry,5.699337372104076
2076,Linden Stephens,7.979072320945707
2077,Senorise Perry,7.803708094111736
2078,Dennis Gardeck,7.452979640443792
2079,Josiah Tauaefa,6.839204846524892
2080,Beau Benzschawel,5.61165525868709
2081,Evan Baylis,6.7515227331079055
2082,Travin Howard,7.6283438672777635
2083,Blake Brandel,5.436291031853119
2084,Buddy Howell,7.6283438672777635
2085,Austin Fort,7.365297527026806
2086,Brandon Knight,6.137747939189005
2087,Jermaine Eluemunor,5.8747015989380476
2088,Devlin Hodges,6.7515227331079055
2089,Jordan Williams,6.313112166022977
2090,Saivion Smith,7.452979640443792
2091,Arlington Hambright,6.400794279439962
2092,Parker Houston,6.7515227331079055
2093,Sam Jones,5.436291031853119
2094,John Atkins,5.260926805019147
2095,Mike Glennon,5.962383712355034
2096,Jordan Ta'Amu,7.014569073358863
2097,Zach Gentry,7.014569073358863
2098,Donte Vaughn,7.7160259806947495
2099,Justin Herron,5.61165525868709
2100,Tyler Huntley,7.540661753860777
2101,R.J. Prince,4.9101983513512035
2102,Krishawn Hogan,7.6283438672777635
2103,Elijah Nkansah,6.05006582577202
2104,Alijah Holder,7.540661753860777
2105,Sua Opeta,6.313112166022977
2106,Sean Harlow,5.8747015989380476
2107,Carson Meier,6.576158506273934
2108,Tim Boyle,7.102251186775849
2109,Chandler Brewer,5.962383712355034
2110,Jordan Simmons,5.699337372104076
2111,Jarron Jones,5.085562578185176
2112,Koda Martin,5.787019485521062
2113,Greg Senat,5.260926805019147
2114,T.J. Brunson,7.189933300192835
2115,Garrett Dickerson,7.014569073358863
2116,Chris Orr,7.014569073358863
2117,Ben DiNucci,7.102251186775849
2118,Jeremiah Kolone,5.436291031853119
2119,Derwin Gray,5.61165525868709
2120,Darryl Williams,5.699337372104076
2121,Christian Rozeboom,7.27761541360982
2122,Cameron Tom,6.6638406196909195
2123,Avery Gennesy,5.348608918436133
2124,Quin Blanding,7.452979640443792
2125,Kenneth Durden,7.7160259806947495
2126,Daniel Helm,6.7515227331079055
2127,Vontarrius Dora,6.313112166022977
2128,Alex Ellis,6.926886959941878
2129,Nate Sudfeld,6.488476392856948
2130,Chris Jones,7.6283438672777635
2131,Kendall Blanton,6.6638406196909195
2132,Chad Kelly,7.014569073358863
2133,Alex Bars,5.523973145270105
2134,Le'Raven Clark,5.787019485521062
2135,Mitch Hyatt,5.523973145270105
2136,Nick Gates,4.9978804647681905
2137,Brad Lundblade,4.9978804647681905
2138,Juwann Bushell-Beatty,5.348608918436133
2139,Jake Brendel,6.225430052605991
2140,Austin Schlottmann,6.313112166022977
2141,Zack Bailey,5.699337372104076
2142,Joshua Miles,5.523973145270105
2143,Yasir Durant,4.822516237934218
2144,Javon Patterson,5.962383712355034
2145,Geno Smith,7.189933300192835
2146,David Blough,6.576158506273934
2147,Kyle Lauletta,6.926886959941878
2148,Ryan Bates,6.05006582577202
2149,Cohl Cabral,5.61165525868709
2150,Paxton Lynch,6.839204846524892
2151,Jordan Roos,5.699337372104076
2152,Josh Woods,7.452979640443792
2153,Mark McLaurin Jr,7.27761541360982
2154,Yosuah Nijman,6.576158506273934
2155,Temarrick Hemingway,7.102251186775849
2156,Daniel Bituli,6.839204846524892
2157,C.J. Beathard,6.839204846524892
2158,Kyle Murphy,5.699337372104076
2159,Korey Cunningham,6.6638406196909195
2160,Trystan Colon-Castillo,5.523973145270105
2161,Brad Seaton,5.260926805019147
2162,Steven Gonzalez,4.734834124517233
2163,Adam Pankey,5.436291031853119
2164,Malcolm Perry,7.452979640443792
2165,Conor McDermott,5.8747015989380476
2166,Anthony Gordon,6.6638406196909195
2167,Kurt Benkert,6.488476392856948
2168,Rick Leonard,5.8747015989380476
2169,John Molchon,5.787019485521062
2170,Storm Norton,5.962383712355034
2171,Andrew Vollert,7.452979640443792
2172,Ryan Hunter,5.523973145270105
2173,Rico Gafford,8.417482888030635
2174,Ethan Wolf,6.400794279439962
2175,Charley Hughlett,6.05006582577202
2176,Jake Eldrenkamp,5.173244691602162
2177,Keaton Sutherland,5.699337372104076
2178,Ryan Pope,6.225430052605991
2179,Ryan Finley,7.014569073358863
2180,Ethan Greenidge,4.9978804647681905
2181,Jeremy Reaves,7.365297527026806
2182,Emmanuel Smith,7.365297527026806
2183,Matt Gono,5.699337372104076
2184,Brett Rypien,6.6638406196909195
2185,Christian DiLauro,6.225430052605991
2186,Calvin Anderson,5.436291031853119
2187,Andrew Donnal,5.348608918436133
2188,Tyler Gauthier,5.61165525868709
2189,James Murray,5.8747015989380476
2190,John Wolford,7.014569073358863
2191,Fred Johnson,5.436291031853119
2192,Victor Salako,4.9978804647681905
2193,Trace McSorley,7.6283438672777635
2194,Kyle Fuller,5.61165525868709
2195,Jackson Barton,5.787019485521062
2196,Dan Skipper,5.085562578185176
2197,Branden Bowen,5.523973145270105
2198,Daishawn Dixon,5.085562578185176
2199,Jake Dolegala,6.137747939189005
2200,Ryan Griffin,5.523973145270105
2201,Aaron Brewer,6.05006582577202
2202,Leonard Wester,5.787019485521062
2203,Ezekiel Turner,7.365297527026806
2204,Cole Toner,5.348608918436133
2205,Frederick Mauigoa,5.523973145270105
2206,Brian Lewerke,6.7515227331079055
2207,Daniel Munyer,5.436291031853119
2208,O'Shea Dugas,5.173244691602162
2209,KC McDermott,5.436291031853119
2210,John Leglue,5.260926805019147
2211,Nate Trewyn,4.9978804647681905
2212,Trent Scott,5.260926805019147
2213,Tommy Stevens,7.102251186775849
2214,Sean Mannion,5.787019485521062
2215,Clayton Thorson,7.014569073358863
2216,Andre James,5.436291031853119
2217,Paul Adams,5.787019485521062
2218,Jake Browning,7.014569073358863
2219,Alex McGough,7.365297527026806
2220,Aaron Stinnie,5.699337372104076
2221,Isaac Whitney,8.154436547779678
2222,Chad Slade,5.8747015989380476
2223,Eric Smith,5.436291031853119
2224,Garrett McGhin,5.348608918436133
2225,Brett Toth,5.962383712355034
2226,Tyree St. Louis,5.085562578185176
2227,Nate Stanley,6.7515227331079055
2228,Zac Kerin,5.260926805019147
2229,Jaryd Jones-Smith,5.699337372104076
2230,Jake Rodgers,5.436291031853119
2231,Chaz Green,5.787019485521062
2232,Davis Webb,6.7515227331079055
2233,Ben Braden,6.225430052605991
2234,Alex Light,4.822516237934218
2235,Cooper Rush,6.576158506273934
2236,Sam Mustipher,4.9101983513512035
2237,Najee Toran,5.173244691602162
2238,Timon Parris,5.523973145270105
2239,J.C. Hassenauer,5.699337372104076
2240,Josh Love,6.926886959941878
2241,Bryce Perkins,7.27761541360982
2242,Nate Herbig,5.173244691602162
2243,David Steinmetz,5.260926805019147
2244,Nathan Peterman,6.839204846524892
2245,Evan Brown,6.225430052605991
2246,Ike Boettger,4.9978804647681905
2247,Alex Taylor,6.05006582577202
2248,Cole Madison,5.348608918436133
2249,Kahlil McKenzie,5.8747015989380476
2250,Dino Boyd,5.787019485521062
2251,Ryan Roberts,5.61165525868709
2252,Coleman Shelton,5.699337372104076
2253,J.T. Barrett IV,7.189933300192835
2254,Nico Falah,5.962383712355034
2255,Nick Sundberg,5.962383712355034
2256,Jake Rudock,6.6638406196909195
2257,Alex Tanney,6.137747939189005
2258,Danny Etling,7.102251186775849
2259,Garrett Gilbert,6.576158506273934
2260,Tyler Bray,6.05006582577202
2261,Logan Woodside,6.839204846524892
2262,Don Muhlbach,5.699337372104076
2263,Clark Harris,6.400794279439962
2264,Josh Harris,6.576158506273934
2265,J.J. Jansen,5.523973145270105
2266,L.P. LaDouceur,5.787019485521062
2267,Nick Moore,6.225430052605991
2268,Tyler Ott,6.6638406196909195
2269,Reid Ferguson,6.05006582577202
2270,Jake McQuaide,5.787019485521062
2271,Beau Brinkley,6.313112166022977
2272,Casey Kreiter,6.05006582577202
2273,Kyle Nelson,7.014569073358863
2274,Aaron Brewer,6.137747939189005
2275,Thomas Hennessy,6.225430052605991
2276,James Winchester,7.27761541360982
2277,Patrick Scales,5.699337372104076
2278,Rick Lovato,5.699337372104076
2279,Jacob Bobenmoyer,6.839204846524892
2280,Morgan Cox,5.787019485521062
2281,Jon Weeks,6.05006582577202
2282,Hunter Bradley,7.014569073358863
2283,Blake Ferguson,6.137747939189005
2284,Cole Mazza,5.699337372104076
2285,Austin Cutting,5.8747015989380476
2286,Joe Cardona,6.488476392856948
2287,Zach Wood,5.8747015989380476
2288,Kameron Canaday,5.787019485521062
2289,Matt Orzech,6.7515227331079055
2290,Luke Rhodes,7.014569073358863
2291,Trent Sieg,5.436291031853119
2292,Zach Triner,6.7515227331079055
