Game,Returner Name,Frechet Distance,Yards Gained,Yards Gained Percentage,Returning Team,Defending Team
0,Hunter Renfrow,8.152476158,2.93,3.701831965,LV,MIA
1,Devin Duvernay,8.145233657,19.96,19.84687282,BAL,NYG
2,Donovan Peoples-Jones,5.081850137,4.52,4.559669121,CLE,PIT
3,Cooper Kupp,11.70943835,8.59,9.550811652,LA,NYG
4,Nyheim Hines,4.016549296,18.27,27.42419694,IND,MIN
5,Diontae Spencer,7.316303696,9.07,7.901385138,DEN,TEN
6,Hunter Renfrow,3.002850436,10.27,9.097351404,LV,IND
7,Diontae Spencer,1.503176124,8.58,8.531371184,DEN,MIA
8,Hunter Renfrow,2.552205811,5.16,5.924225029,LV,NO
9,Greg Ward,5.630655551,6.07,6.091930951,PHI,SEA
10,Diontae Spencer,3.390217488,9.1,14.07579273,DEN,PIT
11,Nsimba Webster,10.99814032,4.2,4.57167737,LA,SF
12,Richie James,6.781619446,1.37,1.356569957,SF,WAS
13,Andre Roberts,2.786306741,7.1,6.415469414,BUF,MIA
14,Nyheim Hines,10.12140856,11.92,10.98212641,IND,NYJ
15,Trent Taylor,3.883306036,16.72,19.60600375,SF,MIA
16,Ray-Ray McCloud,5.16791957,2.12,2.144880615,PIT,BUF
17,Dwayne Harris,5.378664665,4.47,4.653826132,CHI,TEN
18,Steven Sims,5.239227254,2.38,2.214571508,WAS,PHI
19,Deonte Harris,5.612345592,16.4,19.09863748,NO,TB
20,Desmond King,3.409942622,7.85,8.908306854,LAC,JAX
21,Mecole Hardman,,4.81,4.491129785,KC,LAC
22,Pharoh Cooper,2.64938213,6.08,5.377199965,CAR,ARI
23,K.J. Hill,11.97752859,36.04,32.65971908,LAC,DEN
24,Hunter Renfrow,2.927791804,67.36,83.74984459,LV,DEN
25,James Proche,3.948849733,10.1,10.92837048,BAL,PHI
26,Donovan Peoples-Jones,5.505888767,2.13,1.957001103,CLE,PHI
27,Will Fuller,9.468375441,13.3,16.35111876,HOU,CLE
28,Gunner Olszewski,4.719200999,8.04,8.806133625,NE,NYJ
29,Jakeem Grant,3.869919489,9.2,8.485519277,MIA,DEN
30,Rudy Ford,8.004755531,1.68,1.595593124,PHI,NYG
31,Darrius Shepherd,6.087531205,3.95,3.632517933,GB,HOU
32,Andre Roberts,2.431875889,21.55,19.31003584,BUF,NYJ
33,D.J. Reed,3.803544726,12.29,12.25812886,SEA,PHI
34,Tommylee Lewis,4.269909585,8.77,12.23493304,NO,CAR
35,Mecole Hardman,10.70570037,3.67,3.640873016,KC,TB
36,James Proche,6.653879772,8.96,8.934091136,BAL,IND
37,Jabrill Peppers,6.9321756,19.78,21.22317597,NYG,DAL
38,Andre Roberts,7.031001108,2.01,2.007189934,BUF,LAC
39,Diontae Spencer,4.040590615,11.6,11.13992125,DEN,LV
40,Tommylee Lewis,19.14358834,1.61,1.581066483,NO,PHI
41,Ted Ginn,7.486363215,12.9,12.20666162,CHI,IND
42,Chad Beebe,6.553142844,1.07,0.992118683,MIN,SEA
43,David Moore,9.325999014,16.12,18.08188446,SEA,NYG
44,Jakeem Grant,9.275139147,13.87,13.61539217,MIA,CIN
45,CeeDee Lamb,13.17189058,8.25,7.679419157,DAL,SEA
46,Trent Taylor,8.833227159,5.33,4.948013368,SF,PHI
47,Desmond King,6.940276555,5.56,5.110294118,LAC,JAX
48,Jakeem Grant,4.720790327,14.11,14.51646091,MIA,NYJ
49,Diontae Spencer,12.69718512,0.57,0.563909774,DEN,MIA
50,Alex Erickson,5.009918824,6.74,6.71314741,CIN,PIT
51,Diontae Spencer,3.863284383,12.43,13.05946627,DEN,NYJ
52,Nyheim Hines,2.847347913,6.28,6.595253098,IND,JAX
53,Dwayne Harris,7.312698181,4,3.974167909,CHI,TEN
54,K.J. Hill,23.33412061,1.72,1.661193742,LAC,ATL
55,Braxton Berrios,4.217012114,22.26,19.94981179,NYJ,LA
56,Jakeem Grant,6.133706949,6.63,7.167567568,MIA,SF
57,James Proche,5.242715606,14.02,18.13712807,BAL,PHI
58,Keelan Cole,4.725424712,17.1,17.17039863,JAX,GB
59,K.J. Hill,2.856047129,13.37,12.45110821,LAC,LV
60,Kalif Raymond,3.456480021,11.28,11.85122925,TEN,IND
61,Christian Kirk,7.475510185,3.94,3.642414718,ARI,NYJ
62,CeeDee Lamb,3.86452877,8.19,8.238607786,DAL,WAS
63,Tommylee Lewis,1.387224747,15.65,14.67141652,NO,ATL
64,Jakeem Grant,4.39145709,7.37,7.015706806,MIA,LV
65,Andre Roberts,5.410313263,2.65,3.017879513,BUF,DEN
66,Greg Ward,4.266673792,15.41,15.40845915,PHI,WAS
67,Hunter Renfrow,10.04017928,12.64,16.50992685,LV,LAC
68,Keelan Cole,4.052638464,93.68,85.44326888,JAX,GB
69,Tyler Ervin,3.422913623,13.08,14.07662505,GB,PHI
70,James Proche,6.324239721,14.33,13.30053833,BAL,KC
71,Pharoh Cooper,19.65573741,13.29,14.58676325,CAR,MIN
72,Trent Taylor,4.14780926,18.86,18.13461538,SF,SEA
73,D.J. Reed,3.849023532,15.29,17.1720575,SEA,WAS
74,Nyheim Hines,3.313673183,11.42,13.1324747,IND,MIN
75,Andre Roberts,7.860908515,21.17,19.22972114,BUF,SF
76,Cedrick Wilson,20.22265599,82.32,73.32977018,DAL,PIT
77,Kenjon Barner,14.45395448,5.28,4.865014282,TB,DET
78,Cooper Kupp,5.42823184,4.53,4.938406192,LA,NYG
79,Donovan Peoples-Jones,6.081228063,13.61,13.48058637,CLE,DAL
80,Gunner Olszewski,2.810930853,12.94,13.92445927,NE,MIA
81,Marquez Callaway,3.27542103,17.76,19.5207738,NO,LAC
82,Nyheim Hines,5.613955031,9.94,10.30158566,IND,HOU
83,Greg Ward,4.12257444,6.11,5.979058616,PHI,NO
84,Braxton Berrios,8.261839696,12.79,12.38021489,NYJ,CLE
85,Dwayne Harris,4.669204122,12.63,13.32700222,CHI,NO
86,Donovan Peoples-Jones,5.706423467,16.57,16.35573981,CLE,TEN
87,Alex Erickson,5.134160259,17.63,19.25723648,CIN,PHI
88,Alex Erickson,3.735058438,5.87,6.014960549,CIN,WAS
89,Chris Claybrooks,7.144508671,13.08,11.78909419,JAX,IND
90,Mecole Hardman,18.01499605,1.24,1.184336199,KC,BUF
91,Gunner Olszewski,3.429856784,13.39,15.44405998,NE,LAC
92,Tyler Ervin,5.680477591,0.14,0.17382667,GB,MIN
93,Tommylee Lewis,2.265813492,7.25,7.533250208,NO,ATL
94,Diontae Johnson,5.861936039,5.36,6.756586411,PIT,PHI
95,Brandon Powell,5.784375931,10.82,11.70362358,ATL,CHI
96,Mecole Hardman,39.29136232,13.76,13.61971692,KC,BAL
97,D.J. Reed,6.32718115,5.46,6.4976794,SEA,SF
98,Jakeem Grant,10.82775374,6.5,5.973166697,MIA,NE
99,Kalif Raymond,5.126003671,0.16,0.15181706,TEN,JAX
100,Nyheim Hines,2.662146749,13.48,13.1563537,IND,PIT
101,Mecole Hardman,7.505352527,0.67,0.743783304,KC,NO
102,James Proche,9.046513081,11.11,11.01963896,BAL,PHI
103,Andre Roberts,4.717148362,15.84,17.51824818,BUF,NYJ
104,Nyheim Hines,4.761633353,21.39,22.62534377,IND,PIT
105,Braxton Berrios,7.986918541,15.86,16.64392906,NYJ,SEA
106,Christian Kirk,8.536937308,4.4,5.356708059,ARI,WAS
107,DeAndre Carter,7.174196747,8.98,7.925860547,HOU,JAX
108,Brandon Powell,18.84190699,0.22,0.242745228,ATL,NO
109,Cedrick Wilson,12.83511838,10.44,10.81305023,DAL,SF
110,Trent Taylor,4.737684912,14.3,13.008278,SF,LA
111,Brandon Powell,19.48517107,12.92,11.16005874,ATL,DEN
112,Marquez Callaway,3.837558328,36.53,35.44537163,NO,LAC
113,Hunter Renfrow,1.804949952,29.32,40.9268565,LV,DEN
114,Jakeem Grant,5.644306991,0.37,0.345665172,MIA,BUF
115,Mecole Hardman,4.498162865,11.85,12.13517665,KC,DEN
116,Christian Kirk,4.63548946,5.99,6.131640905,ARI,NE
117,D.J. Reed,4.749631622,4.88,5.229318474,SEA,PHI
118,Pharoh Cooper,13.25259886,3.56,3.41617887,CAR,ATL
119,Jakeem Grant,14.57816699,6.96,7.552902876,MIA,KC
120,Tommylee Lewis,3.651733431,11.83,12.34477721,NO,KC
121,Jakeem Grant,4.989537082,88.3,83.03554636,MIA,LA
122,River Cracraft,7.894424835,3.12,3.009259259,SF,SEA
123,Jamal Agnew,5.293652554,11.51,11.93240722,DET,CAR
124,Diontae Spencer,5.874325501,0.75,0.679840464,DEN,BUF
125,David Moore,15.54519748,0.6,0.688942473,SEA,PHI
126,David Moore,4.710456389,18.57,16.68014012,SEA,ATL
127,Trent Sherfield,7.424477576,2.2,2.409902508,ARI,DAL
128,Nsimba Webster,8.238885224,28.93,28.75745527,LA,ARI
129,Dwayne Harris,2.571777535,3.8,4.452255419,CHI,NO
130,Andre Roberts,3.125707742,18.35,18.20617125,BUF,LAC
131,D.J. Reed,4.134214441,12.88,14.92814094,SEA,LA
132,Deonte Harris,5.03439522,14.14,14.81248691,NO,GB
133,Nsimba Webster,5.525785407,0.64,0.610337593,LA,SEA
134,Diontae Johnson,5.313536935,0.95,0.905710745,PIT,NYG
135,Jakeem Grant,3.636538445,13.45,13.35517823,MIA,NYJ
136,Greg Ward,2.330767764,21.59,23.14040729,PHI,DAL
137,Kenjon Barner,3.555797171,12.97,13.87314151,TB,DET
138,Dede Westbrook,8.695544692,11.06,12.0729178,JAX,LAC
139,Donovan Peoples-Jones,8.146254527,5.71,5.370074297,CLE,IND
140,Greg Ward,4.223336841,6.54,6.459259259,PHI,CLE
141,Isaiah McKenzie,3.072516625,91.43,88.08285164,BUF,MIA
142,Tyler Ervin,5.80534198,10.97,13.57169368,GB,ATL
143,Diontae Johnson,5.130145566,84.83,84.88092856,PIT,DEN
144,Greg Ward,15.84793619,7.47,6.825657895,PHI,WAS
145,Hunter Renfrow,6.001874804,8.64,9.043332636,LV,CLE
146,Hunter Renfrow,5.488903759,8.1,8.41471016,LV,KC
147,DeAndre Carter,8.071921142,2.16,2.166934189,HOU,TEN
148,Jakeem Grant,7.033963994,29.44,30.51409619,MIA,NYJ
149,Jaydon Mickens,3.704206798,12.69,14.39101837,TB,DEN
150,Hunter Renfrow,6.022732443,6.45,7.161096925,LV,ATL
151,Andre Roberts,5.600686702,0.12,0.155118925,BUF,DEN
152,Jordan Wilkins,6.478951834,3.07,3.399025686,IND,MIN
153,Andre Roberts,6.11553238,5.75,6.215544265,BUF,NE
154,Ray-Ray McCloud,2.194475812,13.53,14.23611111,PIT,HOU
155,Jamal Agnew,7.155279263,10.65,10.36395485,DET,CHI
156,Jakeem Grant,5.67538916,6.45,6.221664898,MIA,SF
157,Jabrill Peppers,8.335442321,11.34,13.9004658,NYG,PIT
158,Steven Sims,3.803778273,20.61,21.65598403,WAS,PHI
159,Alex Erickson,3.85505395,8.58,8.169872405,CIN,WAS
160,K.J. Osborn,6.470138023,8.67,8.535144714,MIN,JAX
161,Keke Coutee,3.140988451,11.42,10.63215715,HOU,NE
162,Deonte Harris,3.262003316,22.58,24.89800419,NO,DET
163,Greg Ward,2.731122604,8.96,9.849400901,PHI,CLE
164,JoJo Natson,5.378587999,10.86,10.33990288,CLE,WAS
165,Nyheim Hines,4.104119516,12.41,10.95999293,IND,HOU
166,Ray-Ray McCloud,5.094547194,56.38,61.59729051,PIT,TEN
167,Donovan Peoples-Jones,24.13648866,0.73,0.853003038,CLE,TEN
168,Ray-Ray McCloud,10.04396973,0.7,0.706999293,PIT,CLE
169,Tyrie Cleveland,8.040101053,15.04,13.44537815,DEN,NO
170,Nsimba Webster,6.720284484,14,15.17121803,LA,NYJ
171,Christian Kirk,3.290429263,7.26,6.335078534,ARI,SF
172,River Cracraft,5.917223967,1.12,1.122919591,SF,SEA
173,Alex Erickson,23.65982552,4.47,4.510140248,CIN,BAL
174,Nsimba Webster,6.11435461,8.17,11.16120219,LA,ARI
175,K.J. Hill,5.79257728,8.34,7.491242253,LAC,NO
176,Jakeem Grant,8.632120767,25.4,29.76678777,MIA,LAC
177,Alex Erickson,2.765618472,13.62,13.5306974,CIN,PIT
178,Dede Westbrook,8.429004772,7.57,7.772073922,JAX,LAC
179,Nsimba Webster,6.91595537,0.06,0.065466448,LA,MIA
180,Kalif Raymond,11.43742344,7.73,7.652707653,TEN,BUF
181,Jamal Agnew,14.64741391,9,8.774495467,DET,MIN
182,Ray-Ray McCloud,4.422591864,16.8,19.44219419,PIT,WAS
183,Donovan Peoples-Jones,5.056877199,11.44,10.19607843,CLE,PHI
184,Jakeem Grant,4.386131991,1.51,1.341864392,MIA,CIN
185,Dwayne Harris,6.971632026,19.73,22.91255371,CHI,TEN
186,Kenjon Barner,5.395752341,4.26,4.400371862,TB,MIN
187,Golden Tate,14.40567651,4.79,5.337642077,NYG,PHI
188,Byron Murphy,15.68104904,0.07,0.079033533,ARI,LA
189,Chad Beebe,6.322286503,8.2,7.733660285,MIN,DET
190,Andre Roberts,5.984733234,20.6,20.29756626,BUF,MIA
191,Donovan Peoples-Jones,3.717471859,5.18,5.752998667,CLE,BAL
192,Chad Beebe,3.775434212,9.91,9.711877695,MIN,SEA
193,Jakeem Grant,7.742699566,11.15,10.05954529,MIA,JAX
194,Kalif Raymond,4.220365797,14.14,14.70618825,TEN,JAX
195,Greg Ward,7.624940065,2.27,2.240868707,PHI,NO
196,Marquez Callaway,4.575566941,14.25,16.76470588,NO,LAC
197,James Proche,2.991754878,25.19,28.05747382,BAL,JAX
198,Jamal Agnew,5.059057095,5.12,5.490616622,DET,CAR
199,Nyheim Hines,7.064956619,2.39,3.166401696,IND,BAL
200,Gunner Olszewski,3.648623127,19.71,19.41489362,NE,LA
201,Richie James,3.343671693,7.09,6.209493782,SF,LA
202,James Proche,4.287621582,3.18,3.103650205,BAL,WAS
203,Cooper Kupp,5.341613775,7.37,6.332703214,LA,PHI
204,Nyheim Hines,7.145078045,7.6,7.198333018,IND,JAX
205,Hunter Renfrow,2.186323279,21.49,22.35746983,LV,DEN
206,Nyheim Hines,6.597635136,4.68,4.971319312,IND,CHI
207,David Moore,6.051787205,13.74,15.03940455,SEA,MIN
208,Christian Kirk,7.87246252,21.99,23.2501586,ARI,NYG
209,Pharoh Cooper,4.896385574,3.61,3.805207126,CAR,TB
210,Cooper Kupp,3.680710227,2.24,2.277811674,LA,WAS
211,Tavon Austin,11.49035732,6.62,7.071138646,GB,CAR
212,Jabrill Peppers,3.611691365,9.91,13.61076775,NYG,PHI
213,Jamal Agnew,3.253271826,17.38,19.61403905,DET,CHI
214,Jakeem Grant,9.633646615,1.28,1.329041636,MIA,BUF
215,Matt Slater,5.198380893,5,4.869971754,NE,BUF
216,Deonte Harris,4.255609346,17.17,17.12376583,NO,TB
217,Pharoh Cooper,4.031718343,7.25,7.794022791,CAR,DET
218,Ray-Ray McCloud,4.004691389,11.52,11.70612743,PIT,CIN
219,Jakeem Grant,3.6509991,15.76,14.19180549,MIA,JAX
220,Brandon Powell,2.604186778,10.52,11.21774366,ATL,LAC
221,DeAndre Carter,3.757260424,10.03,10.68726692,HOU,BAL
222,James Proche,1.9703925,9.9,9.301014656,BAL,CIN
223,Steven Sims,10.65418416,0.25,0.240662303,WAS,PHI
224,Ray-Ray McCloud,5.671185934,0.01,0.01023332,PIT,CIN
225,Anthony Miller,9.232152872,0.82,1.041931385,CHI,MIN
226,Kalif Raymond,8.987904484,0.12,0.115340254,TEN,HOU
227,Christian Kirk,13.06147991,6.62,7.078699743,ARI,MIA
228,Pharoh Cooper,27.7195689,14.03,18.49459531,CAR,LAC
229,Gunner Olszewski,7.697605585,4.18,4.351900052,NE,MIA
230,Keelan Cole,5.290191465,10.15,10.27223965,JAX,PIT
231,Greg Ward,4.548946583,2.41,2.544072627,PHI,WAS
232,K.J. Osborn,11.45481025,5.71,6.197091383,MIN,DET
233,Kalif Raymond,3.839436143,11.98,13.21858104,TEN,IND
234,Gunner Olszewski,4.001749988,86.95,86.32843527,NE,ARI
235,Hunter Renfrow,4.334144381,26.07,26.92347413,LV,CAR
236,Hunter Renfrow,2.810577811,33.41,35.34327727,LV,MIA
237,David Moore,11.39338205,19.37,19.83411837,SEA,SF
238,James Proche,3.849592393,6.66,6.594712348,BAL,TEN
239,James Proche,6.646232303,1.32,1.537386443,BAL,PIT
240,Hunter Renfrow,3.581229438,11.78,11.0423697,LV,LAC
241,Ray-Ray McCloud,2.639601164,12.72,12.97694348,PIT,TEN
242,Mecole Hardman,10.38559315,77.64,87.72881356,KC,MIA
243,CeeDee Lamb,5.79975275,0,0,DAL,CIN
244,D'Ernest Johnson,5.133701304,0.65,0.625240477,CLE,WAS
245,K.J. Hill,6.117186585,1.26,1.404525694,LAC,CAR
246,Deonte Harris,6.76932544,0.84,0.80198587,NO,CAR
247,DeAndre Carter,4.975144246,8.75,8.805474489,HOU,CLE
248,River Cracraft,5.581188775,20.92,23.30659537,SF,SEA
249,Devin Duvernay,10.9149162,5.62,7.401554063,BAL,CIN
250,Steven Sims,14.80374704,10.11,8.815066702,WAS,PHI
251,Brandon Powell,5.408650213,6.67,8.378344429,ATL,NO
252,Mecole Hardman,5.403292579,7.85,7.223040118,KC,ATL
253,Kalif Raymond,2.58438626,9.13,8.493023256,TEN,DEN
254,Jakeem Grant,4.945780058,8.11,8.698916658,MIA,ARI
255,JoJo Natson,4.651405581,4.03,3.760029856,CLE,BAL
256,Greg Ward,4.314945623,11.31,10.39617612,PHI,NYG
257,K.J. Osborn,7.446975779,4.83,4.911032028,MIN,CHI
258,Tommylee Lewis,5.78712645,9.38,10.5015674,NO,PHI
259,Braxton Berrios,7.662586941,0.23,0.279601264,NYJ,MIA
260,Ray-Ray McCloud,5.328505781,17.87,22.29569557,PIT,CLE
261,Steven Sims,3.28004209,19.29,22.26968368,WAS,CLE
262,Dwayne Harris,5.20761178,3.39,3.4409257,CHI,TEN
263,Austin Carr,6.164219334,0.39,0.354513226,NO,MIN
264,Diontae Spencer,4.019545459,20.26,21.64761192,DEN,LAC
265,Diontae Spencer,4.15035065,1.56,1.701941959,DEN,MIA
266,Nsimba Webster,7.185285589,1.48,2.014427658,LA,CHI
267,Nyheim Hines,4.973558149,7.03,7.679702862,IND,CIN
268,Golden Tate,6.113314778,13.38,15.35283993,NYG,LA
269,Jakeem Grant,3.693600827,14.51,16.59233848,MIA,NYJ
270,Steven Sims,7.227515261,4.61,4.23013397,WAS,ARI
271,D'Ernest Johnson,2.61650922,10.67,11.82926829,CLE,NYJ
272,Pharoh Cooper,11.04007396,19.74,17.23415401,CAR,MIN
273,Steven Sims,10.90094844,9.65,10.19222645,WAS,CIN
274,Deonte Harris,9.435373019,45.75,58.22833142,NO,CHI
275,Greg Ward,5.772576932,12.87,12.33112963,PHI,SEA
276,Hunter Renfrow,1.247205186,12.19,10.61107242,LV,MIA
277,Jaydon Mickens,4.271658671,14.95,14.75814413,TB,GB
278,Anthony Miller,5.856776479,15.14,19.48269206,CHI,MIN
279,Nsimba Webster,11.71054105,0.69,0.707184585,LA,SF
280,Nyheim Hines,7.016251388,6.72,7.010223242,IND,BAL
281,Steven Sims,8.402023001,15.15,13.36804024,WAS,SF
282,CeeDee Lamb,7.994222131,3.45,3.424657534,DAL,PIT
283,Gunner Olszewski,2.139763351,6.68,7.227872755,NE,HOU
284,Jakeem Grant,4.16736596,5.49,5.425973513,MIA,CIN
285,Donovan Peoples-Jones,11.29979203,0.33,0.408668731,CLE,PHI
286,Gunner Olszewski,4.7003881,16.3,22.34713463,NE,BUF
287,Andre Roberts,5.77294868,14.63,14.23290203,BUF,NE
288,Tyler Ervin,6.194569871,0.69,0.694864048,GB,DET
289,Jaydon Mickens,2.907401784,29.2,28.66398351,TB,DEN
290,Isaiah Wright,6.219754184,12.6,15.06816551,WAS,LA
291,Hunter Renfrow,9.031870022,10.35,11.04117773,LV,CAR
292,Pharoh Cooper,4.76470871,15.31,13.97152765,CAR,DET
293,Ted Ginn,7.207844418,4.65,4.570923032,CHI,IND
294,Jaydon Mickens,4.04487303,11.54,11.46091965,TB,LAC
295,Jabrill Peppers,4.064795741,22.4,23.02631579,NYG,DAL
296,Trent Taylor,5.432832851,12.98,12.50963763,SF,DAL
297,DeAndre Carter,12.00518732,1.04,1.10555969,CHI,JAX
298,Andre Roberts,2.257218639,16.94,16.33558341,BUF,NYJ
299,Myles Hartsfield,7.535064908,1.27,1.750516885,CAR,GB
300,J.J. Taylor,7.27765072,10.7,9.85267035,NE,LV
301,Braxton Berrios,1.993204575,11.43,12.11575154,NYJ,CLE
302,DeAndre Carter,14.61588557,3.98,3.806791009,CHI,DET
303,Demarcus Robinson,16.24644249,8.54,7.971623261,KC,NO
304,River Cracraft,5.518074712,5.99,6.084306755,SF,SEA
305,James Proche,3.779079806,11.92,12.06477733,BAL,PIT
306,Braxton Berrios,5.072314591,12.78,14.07024111,NYJ,DEN
307,Mecole Hardman,7.349619857,7.38,7.825257131,KC,LV
308,Kalif Raymond,6.117097352,16.55,15.2520505,TEN,IND
309,K.J. Hill,14.99595624,10.23,11.42506143,LAC,CAR
310,Jaydon Mickens,4.48556983,1.78,1.73981038,TB,NO
311,Nyheim Hines,9.422838873,2.14,2.703044082,IND,GB
312,Kalif Raymond,4.417289847,2.56,2.28673515,TEN,CIN
313,K.J. Hill,7.733509749,6.93,6.787463271,LAC,DEN
314,Gunner Olszewski,3.08678452,12.08,13.43864724,NE,NYJ
315,CeeDee Lamb,6.051248723,0.23,0.25994575,DAL,CIN
316,Jamal Agnew,4.899829294,77.69,83.17096671,DET,TB
317,James Proche,3.968502615,14.16,14.1134257,BAL,WAS
318,Nyheim Hines,1.655342418,12.56,15.36015654,IND,CHI
319,James Proche,10.89349386,1.41,1.397146254,BAL,CIN
320,Jakeem Grant,11.44286718,12.57,13.37234043,MIA,NYJ
321,Jamal Agnew,5.967480695,2.47,2.20476658,DET,TEN
322,Andre Roberts,5.948630002,21.13,25.72437302,BUF,PIT
323,Jaydon Mickens,6.421113795,11.54,11.70029403,TB,CHI
324,Marquez Callaway,3.468655156,17.42,19.15970084,NO,LAC
325,Keelan Cole,10.51574608,0.16,0.16,JAX,PIT
326,James Proche,3.897797136,16.56,16.29119528,BAL,CLE
327,Ray-Ray McCloud,11.87748511,7.9,8.24806849,PIT,CIN
328,Ray-Ray McCloud,6.750085836,5.32,6.144606145,PIT,BAL
329,Jamal Agnew,6.976918049,1.52,1.762114537,DET,IND
330,Ray-Ray McCloud,20.87139494,17.73,18.59270134,PIT,HOU
331,Andre Roberts,1.934678919,39.31,38.16134356,BUF,LV
332,D.J. Reed,5.364241503,0.8,1.012530059,SEA,WAS
333,CeeDee Lamb,6.77959785,1.07,1.045023928,DAL,PHI
334,Donovan Peoples-Jones,6.033867644,7,6.153846154,CLE,JAX
335,Kenjon Barner,4.760710335,0.45,0.468798833,TB,ATL
336,Hunter Renfrow,2.120152748,8.21,9.082863149,LV,MIA
337,Brandon Powell,16.49033745,2.52,2.567760342,ATL,LV
338,Mecole Hardman,7.714712065,9.61,10.40155861,KC,ATL
339,Andre Roberts,7.905609805,17.38,16.92142927,BUF,NYJ
340,Diontae Johnson,5.75499996,18.1,15.74049917,PIT,DEN
341,Richie James,4.868426222,9.66,9.073830547,SF,DAL
342,Jamal Agnew,7.702339118,9.14,9.641350211,DET,CHI
343,D.J. Reed,5.145217063,0.54,0.883797054,SEA,NYJ
344,Jamal Agnew,13.44773667,0.97,1.052860089,DET,ATL
345,Alex Erickson,3.151208286,9.22,10.33632287,CIN,MIA
346,Jaydon Mickens,5.667142137,1.77,2.002262443,TB,DEN
347,Gunner Olszewski,4.254101841,8.8,10.34320639,NE,ARI
348,Mecole Hardman,15.54767435,1.7,1.666993528,KC,NYJ
349,Ray-Ray McCloud,3.933628,8.87,13.10192024,PIT,IND
350,Kalif Raymond,13.20085603,1.35,1.341015198,TEN,DEN
351,Jakeem Grant,5.875066931,11.22,10.28508571,MIA,NYJ
352,Greg Stroman,3.001728718,1.95,2.491376006,WAS,ARI
353,Nyheim Hines,12.79839438,40.63,43.6271878,IND,HOU
354,Donovan Peoples-Jones,8.613657287,9.37,9.82695333,CLE,NYG
355,Marquez Callaway,19.97823764,4.37,5.39839407,NO,ATL
356,James Proche,12.29973598,3.56,3.6043333,BAL,IND
357,Jakeem Grant,7.479541484,0.92,1.075897556,MIA,CIN
358,Alex Erickson,6.578377277,2.03,1.929474385,CIN,PIT
359,David Moore,7.357907845,7.37,7.011702026,SEA,SF
360,Andre Roberts,5.643016889,4.77,5.12242268,BUF,DEN
361,Nsimba Webster,9.790601385,0.25,0.245146107,LA,TB
362,Christian Kirk,6.698932746,0.28,0.259235256,ARI,SF
363,Jonathan Jones,36.08073883,5.66,5.118003436,NE,DEN
364,DeAndre Carter,4.632764158,13.34,13.23806688,HOU,GB
365,Nsimba Webster,21.32519347,9.22,10.08752735,LA,SF
366,Steven Sims,4.30981707,12.35,10.91954023,WAS,SEA
367,Deonte Harris,8.700281605,14.93,18.5235732,NO,TB
368,Diontae Spencer,5.156775396,18.22,18.32997988,DEN,LV
369,Alex Erickson,2.544802382,22.21,20.29422515,CIN,LAC
370,Hunter Renfrow,14.77605094,11.81,12.96519925,LV,NYJ
371,Tavon Austin,1.977127305,1.69,1.679586563,GB,DET
372,Tommylee Lewis,14.57068234,9.16,10.58959538,NO,CAR
373,Jakeem Grant,5.552215829,8.93,7.782813317,MIA,SEA
374,Steven Sims,6.324952363,2.65,3.081395349,WAS,CIN
375,Chad Beebe,4.746869781,11.52,10.70234114,MIN,DET
376,Nyheim Hines,4.956714453,20.47,20.27334852,IND,MIN
377,Braxton Berrios,4.777762254,9.18,8.916949976,NYJ,ARI
378,Deonte Harris,8.41642307,3.19,3.904050912,NO,SF
379,Trey Quinn,4.460300065,5.67,7.446808511,JAX,CLE
380,Pharoh Cooper,3.601694046,20.64,17.34745335,CAR,GB
381,James Proche,8.540857458,3.02,3.610280932,BAL,CIN
382,K.J. Hill,0.731095069,0.91,1.12138016,LAC,LV
383,K.J. Hamler,6.966727255,2.32,2.449065766,DEN,KC
384,David Moore,10.06583047,5.66,5.87502595,SEA,BUF
385,Kalif Raymond,2.616327753,10.88,11.79148152,TEN,IND
386,Nsimba Webster,12.90242967,6.72,6.913580247,LA,WAS
387,Gunner Olszewski,12.77411647,1.07,1.099013969,NE,LA
388,Diontae Spencer,8.532504946,89.76,87.43424898,DEN,CAR
389,Jalen Reagor,8.746159973,11.69,11.28160587,PHI,WAS
390,Keke Coutee,3.612578623,3.04,3.12596401,HOU,IND
391,Nsimba Webster,10.21458433,16.81,15.36141826,LA,SEA
392,Diontae Johnson,5.256046108,11.56,11.36117936,PIT,IND
393,Andre Roberts,11.85712237,10.37,10.07970451,BUF,SEA
394,DeAndre Carter,8.570221429,7.75,6.926445616,HOU,PIT
395,Hunter Renfrow,4.556665206,21.15,25.67059109,LV,MIA
396,James Proche,6.062745847,8.7,9.786276715,BAL,PHI
397,Mecole Hardman,29.33454613,0.72,0.67264574,KC,BUF
398,Deonte Harris,16.63494292,14.26,17.61146103,NO,CHI
399,Antonio Brown,6.243026379,2.53,2.801151461,TB,KC
400,Steven Sims,5.232420187,4.69,4.506149116,WAS,DET
401,Hunter Renfrow,3.029521487,2.37,2.615028136,LV,KC
402,Greg Ward,5.272343612,7.82,7.893408701,PHI,WAS
403,Ray-Ray McCloud,7.772668038,7.24,7.564517814,PIT,CIN
404,Jabrill Peppers,2.092799703,15.94,14.79762347,NYG,CLE
405,DeAndre Carter,4.157276847,11.36,12.08896456,CHI,JAX
406,Kenjon Barner,6.376461835,3.32,2.975443628,TB,LA
407,Danny Amendola,3.295655738,10.97,10.98098098,DET,MIN
408,Greg Ward,8.413471107,1.91,1.898230968,PHI,PIT
409,Andre Roberts,26.59265864,12.7,14.84859114,BUF,NYJ
410,Dede Westbrook,3.639106573,10.02,12.5344008,JAX,MIA
411,Kalif Raymond,11.52127992,4.04,3.660746647,TEN,PIT
412,Marquez Callaway,3.850264564,14.62,16.84525867,NO,ATL
413,Donovan Peoples-Jones,23.70371058,1.04,1.026754862,CLE,HOU
414,Mecole Hardman,5.957015892,5.86,5.920986157,KC,DEN
415,Nyheim Hines,5.250562282,6.97,6.139346428,IND,CLE
416,Micah Hyde,6.162443983,7.35,10.87760841,BUF,DEN
417,Demarcus Robinson,9.929638273,1.9,1.902282739,KC,LV
418,Nsimba Webster,6.584753187,1.19,1.479363501,LA,TB
419,Cooper Kupp,2.968301905,3.08,4.649056604,LA,WAS
420,Pharoh Cooper,8.378715163,0.5,0.486618005,CAR,DEN
421,Isaiah Rodgers,7.667592084,13.93,15.08065389,IND,NYJ
422,Gunner Olszewski,6.230107241,22.26,29.5421367,NE,LA
423,Jakeem Grant,5.541397663,18.86,24.65681788,MIA,LAC
424,Diontae Johnson,9.058302515,10.62,10.0037679,PIT,NYG
425,CeeDee Lamb,16.02333556,1.2,1.28,DAL,NYG
426,James Proche,3.606716167,16.25,18.44285552,BAL,PIT
427,Jabrill Peppers,6.800235529,21.32,20.26230755,NYG,PHI
428,Kalif Raymond,6.628454266,0.4,0.429000429,TEN,MIN
429,Jakeem Grant,18.72294221,10.4,14.01428379,MIA,BUF
430,Isaiah Wright,3.250149105,2.41,2.47154138,WAS,NYG
431,Jaydon Mickens,3.041868311,3.9,4.127420891,TB,GB
432,Mecole Hardman,3.066509874,6.38,6.749180154,KC,CAR
433,Jalen Reagor,4.937750575,81.22,86.61618855,PHI,GB
434,Ray-Ray McCloud,2.503979796,13.15,12.28512706,PIT,JAX
435,Nsimba Webster,4.85559164,9.21,12.61298274,LA,SEA
436,Ced Wilson,6.061848921,1,0.959508732,DAL,ATL
437,Damiere Byrd,3.932651616,15.67,14.71223359,NE,SEA
438,Brandon Powell,3.323019465,12.95,13.74880561,ATL,CHI
439,Brandon Powell,5.010101616,2.32,2.359882006,ATL,CAR
440,Brandon Powell,4.937080602,20.85,21.17181154,ATL,LAC
441,Nsimba Webster,10.19335559,17.35,19.13743658,LA,MIA
442,Cooper Kupp,3.337843962,5.99,5.413465883,LA,SF
443,Jakeem Grant,3.20182668,9.3,9.602478059,MIA,NYJ
444,Nsimba Webster,6.072027324,3.37,3.896404209,LA,SF
445,Ray-Ray McCloud,2.285446997,11.4,10.10996807,PIT,WAS
446,Kenjon Barner,2.689197627,25.7,28.20147043,TB,ATL
447,CeeDee Lamb,4.592134545,7.29,6.395297833,DAL,SEA
448,J.T. Gray,8.28960058,1.17,1.242829828,NO,KC
449,Nsimba Webster,2.277382328,26.08,24.24467788,LA,NYJ
450,Tommylee Lewis,5.545019571,8.17,9.836262942,NO,ATL
451,Diontae Spencer,3.891418946,43.54,41.44693003,DEN,NYJ
452,Keelan Cole,8.103268086,0.12,0.116595414,JAX,HOU
453,Jakeem Grant,6.965980237,0.45,0.520411703,MIA,NYJ
454,Keelan Cole,1.433168663,12.21,11.92149971,JAX,MIN
455,Alex Erickson,12.46227809,32.91,31.20614451,CIN,BAL
456,Keke Coutee,5.408018702,10.57,9.951981923,HOU,IND
457,Gunner Olszewski,12.07439968,60.29,62.98579189,NE,LAC
458,Andre Roberts,12.83235468,10.56,9.971671388,BUF,NE
459,CeeDee Lamb,4.760818926,4.44,4.458726652,DAL,PHI
460,Christian Kirk,12.53906056,12,17.6056338,ARI,PHI
461,Alvin Kamara,7.803733139,0.05,0.051877983,NO,DET
462,Pharoh Cooper,2.315803196,10.71,9.997199664,CAR,LV
463,Kalif Raymond,10.17519964,3.62,3.199292974,TEN,HOU
464,James Proche,4.012443146,8.76,11.5430228,BAL,JAX
465,Nsimba Webster,2.770006455,8.45,8.020121488,LA,NE
466,Mecole Hardman,5.338567178,35.7,40.31620553,KC,NYJ
467,Nyheim Hines,4.037036717,15.44,14.64756664,IND,JAX
468,Nyheim Hines,5.294013583,10.08,10.86206897,IND,MIN
469,Ray-Ray McCloud,4.596729537,3.86,3.551057958,PIT,IND
470,Andre Roberts,3.848930314,24.49,21.87192998,BUF,KC
471,Deonte Harris,4.200108491,17.46,17.66670039,NO,TB
472,Christian Kirk,12.34624627,13.75,13.77203526,ARI,NYG
473,David Moore,5.056906552,19.38,18.57745399,SEA,NE
474,Hunter Renfrow,4.946262163,17.34,20.64285714,LV,DEN
475,Richie James,5.008932489,13.24,12.70633397,SF,LA
476,Danny Johnson,10.16806248,3.16,3.489399293,WAS,DAL
477,Christian Kirk,24.8556777,29.87,36.28522838,ARI,NYG
478,CeeDee Lamb,1.751151837,16.91,17.67349498,DAL,SF
479,Ray-Ray McCloud,9.550676659,6.55,7.257617729,PIT,CIN
480,Nyheim Hines,3.481739142,20.45,19.91430519,IND,CHI
481,CeeDee Lamb,7.209971396,20.92,19.94090173,DAL,LA
482,Jabrill Peppers,2.454257315,20.17,25.04345667,NYG,PHI
483,Marquez Callaway,7.047490521,1.6,1.892371378,NO,ATL
484,Jakeem Grant,4.66002325,0.66,0.671004473,MIA,NYJ
485,Steven Sims,4.804831544,10.03,9.448003014,WAS,DAL
486,Kenjon Barner,1.668322511,4.37,3.896567098,TB,DET
487,Brandon Rusnak,5.106698592,3.71,3.309545049,JAX,IND
488,DeAndre Carter,5.009710359,23.74,22.90179433,HOU,KC
489,Alex Erickson,6.863779951,4.27,3.75483644,CIN,PHI
490,Gunner Olszewski,7.179907055,6.16,7.587141274,NE,LA
491,Donovan Peoples-Jones,3.912975566,6.52,8.207452165,CLE,PHI
492,Antonio Callaway,10.51214903,4.12,4.301524327,MIA,KC
493,Gunner Olszewski,7.287939072,3.7,3.386107806,NE,BUF
494,Cooper Kupp,5.68703458,10.25,12.88821828,LA,WAS
495,Keke Coutee,5.489560638,1.85,1.751893939,HOU,TEN
496,CeeDee Lamb,8.607720813,2.15,2.485549133,DAL,NYG
497,Steven Sims,7.997252908,0.96,0.997195388,WAS,PHI
498,Golden Tate,13.89697543,8.01,7.564453678,NYG,LA
499,Anthony Miller,4.993003931,31.26,32.40049751,CHI,MIN
500,Jabrill Peppers,4.165398469,6.03,6.410120123,NYG,BAL
501,Ced Wilson,6.065514773,0.64,0.580867671,DAL,SEA
502,Marquez Callaway,1.494132206,15.1,16.24878941,NO,MIN
503,Alex Erickson,7.265431676,3.03,4.1966759,CIN,BAL
504,Jaydon Mickens,1.798327321,13.36,11.90518624,TB,LAC
505,Nsimba Webster,2.506960592,5.95,5.470761309,LA,ARI
506,Jamal Agnew,2.814233799,19.67,26.23366231,DET,ARI
507,Nyheim Hines,3.588915389,10.65,13.24462132,IND,JAX
508,Trent Taylor,3.985314513,12.02,11.34604493,SF,LA
509,Nyheim Hines,6.297949719,0.08,0.08762322,IND,BAL
510,Donovan Peoples-Jones,3.184427409,15.88,17.59166944,CLE,TEN
511,Pharoh Cooper,15.1951481,0.38,0.456018241,CAR,ARI
512,Mecole Hardman,8.464191767,1.61,2.007481297,KC,NO
513,Nsimba Webster,5.447898825,6.05,5.468185105,LA,MIA
514,Cooper Kupp,4.989406328,3.72,3.406905394,LA,SEA
515,Diontae Spencer,8.452121268,10,11.50880424,DEN,LAC
516,Dwayne Harris,9.917703644,10.54,10.96545984,CHI,TEN
517,Jaydon Mickens,11.30696458,8.84,9.041628311,TB,GB
518,Marquez Callaway,3.934190698,7,6.77572355,NO,LAC
519,DeAndre Carter,1.752084473,12.36,11.42223454,HOU,MIN
520,Nsimba Webster,3.432549802,36.38,37.69167012,LA,NYJ
521,Ray-Ray McCloud,5.036784096,1.15,1.161498839,PIT,DAL
522,Christian Kirk,11.48590279,32.74,29.36586241,ARI,BUF
523,Andre Roberts,4.881575998,14.61,15.61564771,BUF,NYJ
524,Christian Kirk,5.722758952,18.2,25.74257426,ARI,NYG
525,Jaydon Mickens,4.829752462,0.98,1.104598738,TB,NYG
526,Anthony Miller,2.845323418,21.5,25.35078411,CHI,HOU
527,Dwayne Harris,11.48901034,13.12,14.09994627,CHI,TEN
528,Gunner Olszewski,4.387392774,4.29,5.770006725,NE,LA
529,Trent Taylor,5.614614266,10.99,10.28737246,SF,GB
530,Andre Roberts,10.43626493,4.32,4.592324864,BUF,LAC
531,Hunter Renfrow,3.29346165,26.36,24.94794624,LV,BUF
532,Chad Beebe,3.895189379,9.85,8.721445015,MIN,TB
533,Jamal Agnew,5.978190707,17.07,16.4071511,DET,MIN
534,Nsimba Webster,3.968947051,3.16,3.167602245,LA,WAS
535,Josh Jackson,4.050088738,6.81,6.037234043,GB,JAX
536,CeeDee Lamb,6.986093932,8.84,9.062948534,DAL,CLE
537,Tyler Ervin,5.208824079,10.45,10.37220844,GB,MIN
538,Nyheim Hines,1.886467766,79.34,76.60519455,IND,HOU
539,Diontae Spencer,10.17732126,8.5,12.05160924,DEN,TEN
540,Ray-Ray McCloud,10.7602548,25.13,27.85722204,PIT,CLE
541,Steven Sims,7.407011315,3.4,3.265776582,WAS,SEA
542,K.J. Hamler,1.475307427,9.55,9.827124923,DEN,ATL
543,Pharoh Cooper,5.737227851,8.77,7.824069944,CAR,CHI
544,Pharoh Cooper,10.97470862,13.33,15.95642806,CAR,DEN
545,Kenjon Barner,7.757283714,14.92,16.71896011,TB,ATL
546,Steven Sims,6.496920038,20.69,22.29045464,WAS,PIT
547,Deonte Harris,4.828106081,6.66,7.308240974,NO,TB
548,Keke Coutee,6.254101196,10.04,10.50319071,HOU,CHI
549,Richie James,11.40818586,1.82,1.925314715,SF,WAS
550,Kalif Raymond,4.357148658,1.79,1.735505139,TEN,MIN
551,Brandon Aiyuk,4.985124327,14.32,13.37817638,SF,BUF
552,Kalif Raymond,6.563207173,1.34,1.269660792,TEN,IND
553,James Proche,6.762599563,6.49,6.592178771,BAL,HOU
554,Alex Erickson,3.091487004,28.26,29.11901082,CIN,NYG
555,Ray-Ray McCloud,4.299264709,43.74,57.1615264,PIT,CIN
556,K.J. Osborn,5.775488742,10.6,13.05418719,MIN,HOU
557,Pharoh Cooper,4.192847827,11.22,12.47914581,CAR,GB
558,Jaydon Mickens,6.452420603,2.46,2.252540976,TB,NO
559,Braxton Berrios,8.94334171,2.52,2.974504249,NYJ,CLE
560,DeSean Jackson,7.008787572,1.75,1.619770455,PHI,NYG
561,Kalif Raymond,4.226685731,11.72,10.89624396,TEN,DEN
562,James Proche,4.614256923,9.09,8.774131274,BAL,CLE
563,Nsimba Webster,3.763179555,3.19,3.564644094,LA,WAS
564,Andre Roberts,2.346321689,10.44,12.23772125,BUF,NYJ
565,Jamal Agnew,4.80209445,3.66,3.878351171,DET,TB
566,Jaydon Mickens,4.238777034,7.73,6.927764832,TB,CHI
567,Diontae Johnson,7.723197675,6.53,7.439899738,PIT,PHI
568,Trent Taylor,2.862526847,9.21,8.565848214,SF,ARI
569,Alex Erickson,10.22591959,5.01,4.813142473,CIN,IND
570,Gunner Olszewski,5.299351562,3.04,3.265306122,NE,HOU
571,Christian Kirk,10.84568208,8.83,8.019981835,ARI,BUF
572,Jalen Reagor,4.345670255,15.4,15.97676107,PHI,DAL
573,D'Ernest Johnson,,0,0,CLE,NYJ
574,Tarik Cohen,7.646997892,3.97,4.154023229,CHI,DET
575,David Moore,3.626142375,4.57,5.073831464,SEA,NYG
576,Christian Kirk,14.18506892,5.87,5.825146373,ARI,PHI
577,Steven Sims,8.657443507,15.17,14.55016305,WAS,NYG
578,Mecole Hardman,4.203711528,12.63,11.51741747,KC,TB
579,Nyheim Hines,13.02024809,2.58,2.769726248,IND,LV
580,Ted Ginn,7.016973315,5.74,7.34203121,CHI,TB
581,Braxton Berrios,1.929380961,16.47,16.49309033,NYJ,LAC
582,Andre Roberts,4.392682418,15.07,20.99178159,BUF,ARI
583,Marquez Callaway,2.546186923,20.42,18.4113245,NO,DEN
584,Byron Murphy,7.029431002,1.51,1.660252886,ARI,LA
585,Andre Roberts,6.553442581,0.17,0.174126805,BUF,ARI
586,Kenjon Barner,9.692698747,6.32,6.194863752,TB,LA
587,Greg Ward,10.40871867,6.07,6.394185189,PHI,BAL
588,Desmond King,7.638341372,6.04,5.516989404,LAC,CIN
589,Mecole Hardman,6.391896773,17.79,15.69059799,KC,LAC
590,Jabrill Peppers,5.477462255,6.83,8.189448441,NYG,PIT
591,Tommylee Lewis,6.07128031,15.96,14.02460457,NO,KC
592,Brandon Aiyuk,7.878539407,8.8,10.83076923,SF,WAS
593,Greg Ward,5.817406306,0.11,0.100300903,PHI,CIN
594,Pharoh Cooper,15.72721075,6.3,5.757631146,CAR,DET
595,Anthony Miller,6.874336187,8.71,10.21341463,CHI,ATL
596,Brandon Powell,4.583959414,4.99,5.805700989,ATL,NO
597,Brandon Powell,4.481552169,5.21,4.853735793,ATL,LV
598,Alex Erickson,5.001371629,9.15,10.37414966,CIN,PHI
599,Kalif Raymond,2.954349365,17.18,15.26432697,TEN,CHI
600,CeeDee Lamb,11.54226247,1.24,1.272186314,DAL,ATL
601,Dwayne Harris,4.562854798,0.84,0.829056455,CHI,NO
602,Mecole Hardman,4.773563824,8.58,7.769627819,KC,DEN
603,Deonte Harris,10.84410348,1.02,1.125455147,NO,ATL
604,Greg Ward,8.547539198,1.2,1.214820814,PHI,CIN
605,Keelan Cole,7.277666363,1.85,2.003031615,JAX,MIN
606,Deonte Harris,5.162558821,15.92,15.93434091,NO,CHI
607,Greg Ward,6.037416334,12.35,11.82723616,PHI,SF
608,Deonte Harris,9.271423549,11.9,12.73135765,NO,TB
609,Donovan Peoples-Jones,8.849654593,1.75,1.615583456,CLE,PIT
610,Ray-Ray McCloud,9.728193501,4.23,4.756015291,PIT,CLE
611,Christian Kirk,21.38828599,9.36,9.153139057,ARI,SEA
612,Gunner Olszewski,6.323207414,11.7,11.1534795,NE,KC
613,Donovan Peoples-Jones,2.91517045,8.97,8.397303876,CLE,HOU
614,Greg Ward,9.283159734,1.05,1.378857518,PHI,CIN
615,Jamie Collins,4.324922555,4,7.264802034,DET,IND
616,D.J. Reed,3.558860187,14.94,17.0586892,SEA,NYJ
617,Devin Duvernay,1.646208916,13.28,16.14785992,BAL,CIN
618,Alex Erickson,4.090592205,14.48,13.23583181,CIN,NYG
619,Nsimba Webster,3.545651534,5.23,4.967705167,LA,ARI
620,Nsimba Webster,2.582532744,14.31,14.9078029,LA,SF
621,Devin Duvernay,3.001532811,15.29,15.09378085,BAL,NYG
622,Chris Claybrooks,5.165396721,10.68,11.85744421,JAX,LAC
623,Steven Sims,20.58599943,28.22,27.58553275,WAS,SF
624,Greg Stroman,9.443766974,3.72,3.558786951,WAS,BAL
625,D.J. Reed,30.23721873,2.2,2.154539222,SEA,WAS
626,DeAndre Carter,2.851089997,19.13,19.29594513,HOU,GB
627,Alex Erickson,3.87817079,4.63,4.930252369,CIN,LAC
628,Bryce Callahan,1.425319807,8.35,9.488636364,DEN,LAC
629,C.J. Board,23.98604116,7.16,7.068114511,NYG,WAS
630,Andre Roberts,6.625805096,4.33,4.533556696,BUF,NE
631,Christian Kirk,12.26827162,7.23,8.022636485,ARI,SEA
632,Ray-Ray McCloud,6.216259525,1.16,1.020767335,PIT,JAX
633,Trent Taylor,8.923582404,11.59,11.77127768,SF,ARI
634,Keke Coutee,6.623396357,8.02,9.153161379,HOU,IND
635,Donovan Peoples-Jones,12.04605335,5.02,5.754241174,CLE,PIT
636,Alex Erickson,12.58154036,4.54,4.397946333,CIN,MIA
637,Greg Ward,3.377793248,11.54,11.46319658,PHI,BAL
638,Kenjon Barner,4.923527673,3.56,3.182265129,TB,ATL
639,Nsimba Webster,2.471942556,14.33,16.46747874,LA,CHI
640,River Cracraft,5.513100989,3.57,3.643972645,SF,ARI
641,Christian Kirk,12.4456303,1.53,2.189781022,ARI,DAL
642,Steven Sims,13.52313699,3.34,3.456483494,WAS,CLE
643,Hunter Renfrow,3.496683157,12.57,11.3376026,LV,NYJ
644,Desmond King,12.91929434,0.33,0.381811871,LAC,KC
645,Andy Isabella,9.126365787,1.31,1.172784244,ARI,WAS
646,Desmond King,5.127740815,6.04,6.219750798,LAC,JAX
647,Christian Kirk,3.157270002,5.93,5.519873406,ARI,NYG
648,Kenjon Barner,17.58569427,8.92,8.173737744,TB,DET
649,Mecole Hardman,4.541024791,2.54,2.679324895,KC,TB
650,Desmond King,3.651261342,14.77,13.66833241,LAC,CIN
651,Nyheim Hines,4.18756854,6.7,6.580239639,IND,BAL
652,Davontae Harris,12.23247636,5.19,4.915703732,BAL,PIT
653,Cedrick Wilson,7.221296775,1.54,1.540770385,DAL,PIT
654,Nyheim Hines,10.69737445,2.85,2.597757725,IND,CHI
655,Alex Erickson,1.257524712,9.6,9.115077858,CIN,CLE
656,Christian Kirk,5.29129563,2.22,2.509325195,ARI,NYJ
657,David Moore,11.32130373,7.19,6.617579383,SEA,ARI
658,Kalif Raymond,4.197459923,14.09,13.23626116,TEN,HOU
659,K.J. Hill,8.462509845,3.82,3.500091625,LAC,DEN
660,James Proche,3.885147983,4.92,4.744912721,BAL,PHI
661,Jabrill Peppers,4.813958841,14.08,19.33269257,NYG,PHI
662,Ray-Ray McCloud,9.027268692,7.21,8.238117002,PIT,TEN
663,Alex Erickson,5.384975451,10.6,10.277293,CIN,PIT
664,Jaydon Mickens,2.506471424,4.39,5.593069181,TB,DEN
665,Nyheim Hines,3.749092019,4.23,5.023752969,IND,GB
666,Diontae Spencer,7.81920556,20.62,22.86538035,DEN,LAC
667,Keelan Cole,9.756093878,3.38,3.413451828,JAX,MIN
668,Tyler Hall,10.20059312,5.7,5.200729927,ATL,KC
669,DeAndre Carter,1.670269439,14.4,14.72844431,CHI,JAX
670,Keelan Cole,9.828149642,8.14,11.24464705,JAX,GB
671,Chris Claybrooks,10.53267156,2.33,2.892972436,JAX,HOU
672,Greg Ward,9.178489951,1.69,1.590139255,PHI,DAL
673,Andre Roberts,8.829601218,2.82,3.184641446,BUF,NYJ
674,Kalif Raymond,3.718061974,22.04,20.46235261,TEN,CHI
675,Brandon Powell,3.548640135,3.9,3.995901639,ATL,TB
676,Isaiah Wright,5.757047689,0.73,0.695701897,WAS,NYG
677,Andre Roberts,5.911144562,1.41,1.289201792,BUF,TEN
678,Ted Ginn,9.920959427,16.73,18.77033547,CHI,IND
679,Marquez Callaway,4.806539813,13.84,16.72911882,NO,LAC
680,Nsimba Webster,8.13154836,2.72,2.492897076,LA,SEA
681,CeeDee Lamb,5.684839737,20.16,19.37530034,DAL,SEA
682,Keke Coutee,5.387569489,6.45,6.081463323,HOU,NE
683,Mecole Hardman,31.55633301,10.42,9.024770483,KC,TB
684,Donovan Peoples-Jones,9.394402589,1.8,2.383790226,CLE,PIT
685,Greg Ward,7.951629283,4.96,5.204070926,PHI,BAL
686,Deonte Harris,5.693973984,8.74,13.68833203,NO,TB
687,James Proche,2.54716319,10.17,11.3796576,BAL,WAS
688,Christian Kirk,11.20219079,0.84,0.970761586,ARI,SEA
689,Alex Erickson,4.700070194,4.21,4.447496303,CIN,IND
690,CeeDee Lamb,9.209831994,6.38,7.258248009,DAL,PHI
691,K.J. Hill,2.495272917,41.92,42.78424168,LAC,TB
692,Nyheim Hines,4.733211624,25.88,22.7716674,IND,PIT
693,Tyron Johnson,7.701458938,1.05,0.990659496,LAC,LV
694,Kalif Raymond,3.313932069,5.94,7.535202334,TEN,JAX
695,K.J. Osborn,4.984371521,6.54,6.230351529,MIN,JAX
696,Jabrill Peppers,0.860035037,12.07,11.26142937,NYG,CHI
697,Jaydon Mickens,6.426285108,0.91,0.863295702,TB,CAR
698,Chad Beebe,5.471583354,4.51,4.968601961,MIN,TB
699,Ray-Ray McCloud,7.770283694,0.03,0.030791337,PIT,JAX
700,Deonte Harris,9.385538748,12.48,11.35887867,NO,DET
701,Gunner Olszewski,2.598181793,76.32,86.23728814,NE,LAC
702,Steven Sims,5.251934315,11.87,12.97551377,WAS,ARI
703,Kalif Raymond,9.659909302,43.1,48.06512769,TEN,BUF
704,K.J. Hill,10.07024697,4.65,5.678349005,LAC,NYJ
705,Brandon Powell,0.792444967,12.69,12.67732268,ATL,LAC
706,Gunner Olszewski,2.718892783,18.23,17.87254902,NE,NYJ
707,Braxton Berrios,4.715569968,15.31,14.40127928,NYJ,NE
708,JoJo Natson,3.820511685,13.04,14.47923606,CLE,CIN
709,Christian Kirk,11.55988825,9.67,11.90153846,ARI,NYG
710,Golden Tate,3.786313643,14.9,14.84951166,NYG,LA
711,Greg Ward,4.504228492,9.8,12.22097518,PHI,DAL
712,Will Fuller,3.991228091,0.3,0.402522474,HOU,PIT
713,Jakeem Grant,3.445003707,17.95,19.14258292,MIA,LAC
714,D.J. Reed,5.442067982,7.03,7.24294251,SEA,SF
715,Jaydon Mickens,3.171173964,2.83,3.37668536,TB,LAC
716,Jaydon Mickens,6.531110367,1.7,1.850239443,TB,ATL
717,Ted Ginn,7.557741573,1.77,2.195484991,CHI,CAR
718,Nyheim Hines,7.988115449,11.77,12.72707612,IND,DET
719,Mecole Hardman,18.49415805,1.56,1.57814871,KC,NO
720,Pharoh Cooper,2.230220977,8.46,10.26948288,CAR,NO
721,Brandon Powell,2.989648985,7.56,8.364682452,ATL,CHI
722,Mecole Hardman,7.472601601,3.55,4.742818971,KC,ATL
723,Ray-Ray McCloud,8.786377644,5.9,5.337434413,PIT,BAL
724,Kalif Raymond,3.195299397,11.83,12.49603887,TEN,CHI
725,Jabrill Peppers,10.26891871,7.36,7.305936073,NYG,CIN
726,Kenjon Barner,5.354440821,3.51,4.647160069,TB,DET
727,Dante Pettis,2.786854001,7.65,8.508508509,SF,ARI
728,Danny Amendola,10.91165631,5.82,7.399872854,DET,WAS
729,Kenjon Barner,5.533163859,7.81,8.131181676,TB,LA
730,CeeDee Lamb,2.928466077,0.7,0.652741514,DAL,WAS
