play,yardage,median_deviation,mean_deviation,heuristic,algorithm,speed_coefficient
play1000-game2020122602.csv,2.9299999999999926,5.830308739680943,5.830308739680943,optimal,pitch_control,optimal
play1000-game2020122705.csv,19.959999999999994,8.513977478241292,8.513977478241292,optimal,pitch_control,optimal
play1000-game2021010304.csv,4.519999999999996,3.2102959365142714,3.2102959365142714,optimal,pitch_control,optimal
play1002-game2020100410.csv,8.590000000000003,6.071457815055624,6.071457815055624,optimal,pitch_control,optimal
play1005-game2020092003.csv,18.269999999999996,1.3322161986704717,1.3322161986704717,optimal,pitch_control,optimal
play1008-game2020091401.csv,9.070000000000007,10.282353816125957,10.282353816125957,optimal,pitch_control,optimal
play1009-game2020121308.csv,10.269999999999996,31.450311604179696,31.450311604179696,optimal,pitch_control,optimal
play1011-game2020112211.csv,8.57999999999997,4.929260706344416,4.929260706344416,optimal,pitch_control,optimal
play1015-game2020092100.csv,5.159999999999997,5.480811983638921,5.480811983638921,optimal,pitch_control,optimal
play1018-game2020113000.csv,6.070000000000007,15.967045576575655,15.967045576575655,optimal,pitch_control,optimal
play1025-game2020092007.csv,9.100000000000016,15.882749901841441,15.882749901841441,optimal,pitch_control,optimal
play1026-game2020112909.csv,4.200000000000003,7.373132155181933,7.373132155181933,optimal,pitch_control,optimal
play1027-game2020121312.csv,1.3699999999999903,20.335074242412897,20.335074242412897,optimal,pitch_control,optimal
play1033-game2020092004.csv,7.1000000000000085,3.810774199555779,3.810774199555779,optimal,pitch_control,optimal
play1043-game2020092708.csv,11.920000000000002,21.035502793557797,21.035502793557797,optimal,pitch_control,optimal
play1063-game2020101109.csv,16.72,9.97842672970043,9.97842672970043,optimal,pitch_control,optimal
play1065-game2020121313.csv,2.1199999999999903,11.828329458455984,11.828329458455984,optimal,pitch_control,optimal
play1071-game2020110806.csv,4.469999999999999,3.2631341444146,3.2631341444146,optimal,pitch_control,optimal
play1073-game2020091308.csv,2.3799999999999955,2.598771077088387,2.598771077088387,optimal,pitch_control,optimal
play1075-game2020110811.csv,16.400000000000006,4.851320553324735,4.851320553324735,optimal,pitch_control,optimal
play1088-game2020102513.csv,7.8500000000000085,15.164761785138598,15.164761785138598,optimal,pitch_control,optimal
play1090-game2021010306.csv,4.809999999999988,3.0763849636293035,3.0763849636293035,optimal,pitch_control,optimal
play1107-game2020110112.csv,36.03999999999999,11.713844136082926,11.713844136082926,optimal,pitch_control,optimal
play1107-game2020111507.csv,67.36000000000001,1.9797755203838399,1.9797755203838399,optimal,pitch_control,optimal
play1118-game2020101805.csv,10.100000000000009,10.889620950448391,10.889620950448391,optimal,pitch_control,optimal
play1121-game2020112202.csv,2.1300000000000097,5.035687087622153,5.035687087622153,optimal,pitch_control,optimal
play1125-game2020111501.csv,13.300000000000004,5.496044031846903,5.496044031846903,optimal,pitch_control,optimal
play1131-game2021010307.csv,8.039999999999992,5.930236082990287,5.930236082990287,optimal,pitch_control,optimal
play1135-game2020112211.csv,9.200000000000003,22.511973425456958,22.511973425456958,optimal,pitch_control,optimal
play1140-game2020111504.csv,1.6799999999999926,5.539805451858794,5.539805451858794,optimal,pitch_control,optimal
play1155-game2020091302.csv,21.549999999999997,5.0234229144854785,5.0234229144854785,optimal,pitch_control,optimal
play1157-game2020113000.csv,12.290000000000006,2.5503158845741263,2.5503158845741263,optimal,pitch_control,optimal
play116-game2021010301.csv,8.770000000000003,21.598138188230205,21.598138188230205,optimal,pitch_control,optimal
play1164-game2020112910.csv,3.6700000000000017,18.270017873182823,18.270017873182823,optimal,pitch_control,optimal
play1174-game2020110802.csv,8.960000000000008,20.248089073073313,20.248089073073313,optimal,pitch_control,optimal
play1174-game2021010308.csv,19.78,20.356666666666666,20.356666666666666,optimal,pitch_control,optimal
play1175-game2020112901.csv,2.010000000000005,17.557702013646317,17.557702013646317,optimal,pitch_control,optimal
play118-game2021010311.csv,11.599999999999994,14.7765523719168,14.7765523719168,optimal,pitch_control,optimal
play1180-game2020121311.csv,1.6099999999999994,28.12460151668326,28.12460151668326,optimal,pitch_control,optimal
play1183-game2020101112.csv,1.0700000000000074,6.090110380316961,6.090110380316961,optimal,pitch_control,optimal
play1183-game2020120609.csv,16.120000000000005,10.291765856472077,10.291765856472077,optimal,pitch_control,optimal
play1188-game2020120603.csv,13.870000000000005,16.740562847301295,16.740562847301295,optimal,pitch_control,optimal
play119-game2020092712.csv,8.25,2.989076408822259,2.989076408822259,optimal,pitch_control,optimal
play119-game2020100413.csv,5.329999999999998,17.58326887823889,17.58326887823889,optimal,pitch_control,optimal
play119-game2020102513.csv,5.560000000000002,11.296446835669665,11.296446835669665,optimal,pitch_control,optimal
play120-game2020101813.csv,14.11,20.9845014236698,20.9845014236698,optimal,pitch_control,optimal
play120-game2020112211.csv,0.5699999999999932,12.71388785716016,12.71388785716016,optimal,pitch_control,optimal
play120-game2020122100.csv,6.740000000000009,18.211894769932943,18.211894769932943,optimal,pitch_control,optimal
play1203-game2020100100.csv,12.430000000000007,8.855289066114358,8.855289066114358,optimal,pitch_control,optimal
play1208-game2021010313.csv,6.280000000000001,2.490622412169293,2.490622412169293,optimal,pitch_control,optimal
play121-game2020110806.csv,4.0,9.086887278279805,9.086887278279805,optimal,pitch_control,optimal
play121-game2020121310.csv,1.7199999999999989,13.616764891105108,13.616764891105108,optimal,pitch_control,optimal
play121-game2020122003.csv,22.260000000000005,18.78917537070511,18.78917537070511,optimal,pitch_control,optimal
play122-game2020101109.csv,6.6299999999999955,2.8340254056729957,2.8340254056729957,optimal,pitch_control,optimal
play122-game2020101805.csv,14.019999999999996,2.1115397225721364,2.1115397225721364,optimal,pitch_control,optimal
play122-game2020111503.csv,17.09999999999998,1.453413606345803,1.453413606345803,optimal,pitch_control,optimal
play122-game2020121700.csv,13.36999999999999,8.525538106184266,8.525538106184266,optimal,pitch_control,optimal
play1222-game2020112903.csv,11.280000000000001,26.33959860240072,26.33959860240072,optimal,pitch_control,optimal
play123-game2020101105.csv,3.9399999999999977,7.222348033092226,7.222348033092226,optimal,pitch_control,optimal
play123-game2020112601.csv,8.189999999999998,3.6360005500549626,3.6360005500549626,optimal,pitch_control,optimal
play123-game2020120600.csv,15.649999999999977,1.828189754313757,1.828189754313757,optimal,pitch_control,optimal
play123-game2020122602.csv,7.36999999999999,2.9742393985689835,2.9742393985689835,optimal,pitch_control,optimal
play1232-game2020121900.csv,2.6500000000000057,11.166830347059097,11.166830347059097,optimal,pitch_control,optimal
play1232-game2021010309.csv,15.41000000000001,8.600877643880215,8.600877643880215,optimal,pitch_control,optimal
play1246-game2020110808.csv,12.64,9.022483028523801,9.022483028523801,optimal,pitch_control,optimal
play1246-game2020111503.csv,93.68,3.299848481370014,3.299848481370014,optimal,pitch_control,optimal
play1250-game2020120610.csv,13.079999999999998,4.50111097397076,4.50111097397076,optimal,pitch_control,optimal
play1253-game2020092800.csv,14.329999999999998,11.469420212024668,11.469420212024668,optimal,pitch_control,optimal
play1258-game2020112905.csv,13.290000000000006,30.624976041686217,30.624976041686217,optimal,pitch_control,optimal
play126-game2020110109.csv,18.86,19.205041004902853,19.205041004902853,optimal,pitch_control,optimal
play126-game2020122010.csv,15.290000000000006,8.887136771761762,8.887136771761762,optimal,pitch_control,optimal
play1265-game2020092003.csv,11.419999999999987,6.732146760135281,6.732146760135281,optimal,pitch_control,optimal
play1267-game2020120700.csv,21.17,10.22002923336642,10.22002923336642,optimal,pitch_control,optimal
play127-game2020100410.csv,4.529999999999973,4.15897957570257,4.15897957570257,optimal,pitch_control,optimal
play1270-game2020110810.csv,82.32000000000001,10.40896301804897,10.40896301804897,optimal,pitch_control,optimal
play1276-game2020122600.csv,5.280000000000001,16.97753810185682,16.97753810185682,optimal,pitch_control,optimal
play128-game2020100403.csv,13.61,43.058764569481085,43.058764569481085,optimal,pitch_control,optimal
play1287-game2020122007.csv,12.940000000000012,8.067044068306554,8.067044068306554,optimal,pitch_control,optimal
play129-game2020101200.csv,17.760000000000005,10.558418442172103,10.558418442172103,optimal,pitch_control,optimal
play130-game2020120602.csv,9.940000000000026,3.4217604306035927,3.4217604306035927,optimal,pitch_control,optimal
play130-game2020121311.csv,6.109999999999999,12.40224218079582,12.40224218079582,optimal,pitch_control,optimal
play130-game2020122704.csv,12.790000000000006,5.703867109251407,5.703867109251407,optimal,pitch_control,optimal
play1306-game2020110108.csv,12.629999999999995,9.031085206108955,9.031085206108955,optimal,pitch_control,optimal
play1306-game2020120607.csv,16.570000000000007,2.5877403270034636,2.5877403270034636,optimal,pitch_control,optimal
play131-game2020101901.csv,1.240000000000009,20.33586350378179,20.33586350378179,optimal,pitch_control,optimal
play1310-game2020092706.csv,17.629999999999995,4.712075504016839,4.712075504016839,optimal,pitch_control,optimal
play1311-game2020112207.csv,5.8700000000000045,1.6016241756417127,1.6016241756417127,optimal,pitch_control,optimal
play1312-game2021010313.csv,,,,optimal,pitch_control,optimal
play1329-game2020120611.csv,13.39,0.8650144507463456,0.8650144507463456,optimal,pitch_control,optimal
play1331-game2020091306.csv,0.140000000000029,5.218573666348994,5.218573666348994,optimal,pitch_control,optimal
play1332-game2020120600.csv,7.25,9.267389060571485,9.267389060571485,optimal,pitch_control,optimal
play134-game2020101106.csv,5.359999999999999,6.863347106692521,6.863347106692521,optimal,pitch_control,optimal
play1341-game2020092700.csv,10.820000000000007,1.5923602328339914,1.5923602328339914,optimal,pitch_control,optimal
play1351-game2020092800.csv,13.759999999999977,35.9686708248714,35.9686708248714,optimal,pitch_control,optimal
play1359-game2021010315.csv,5.460000000000008,2.3703961225453014,2.3703961225453014,optimal,pitch_control,optimal
play136-game2020122709.csv,13.480000000000018,3.7864377865100427,3.7864377865100427,optimal,pitch_control,optimal
play1363-game2020091307.csv,6.5,12.087137791884397,12.087137791884397,optimal,pitch_control,optimal
play1366-game2020092009.csv,0.1599999999999966,5.341224370664257,5.341224370664257,optimal,pitch_control,optimal
play137-game2020091302.csv,15.840000000000003,5.613198731561177,5.613198731561177,optimal,pitch_control,optimal
play1373-game2020122012.csv,0.6700000000000017,28.279341437480237,28.279341437480237,optimal,pitch_control,optimal
play1394-game2020122709.csv,21.390000000000008,5.822439351337204,5.822439351337204,optimal,pitch_control,optimal
play140-game2020092010.csv,4.400000000000006,6.1085022714246415,6.1085022714246415,optimal,pitch_control,optimal
play1406-game2020121309.csv,15.86,13.940078909389285,13.940078909389285,optimal,pitch_control,optimal
play141-game2020101102.csv,8.980000000000004,6.812195762829418,6.812195762829418,optimal,pitch_control,optimal
play1414-game2020112206.csv,0.21999999999999886,28.922230170945323,28.922230170945323,optimal,pitch_control,optimal
play142-game2020122013.csv,10.439999999999998,7.089882831351493,7.089882831351493,optimal,pitch_control,optimal
play1424-game2020112909.csv,14.300000000000011,27.840028735617352,27.840028735617352,optimal,pitch_control,optimal
play1426-game2020110800.csv,12.920000000000002,10.23031280069187,10.23031280069187,optimal,pitch_control,optimal
play1428-game2020101200.csv,36.53,1.7597758695672492,1.7597758695672492,optimal,pitch_control,optimal
play143-game2020111507.csv,29.32,1.0231141187570447,1.0231141187570447,optimal,pitch_control,optimal
play144-game2020092004.csv,0.37000000000000455,5.171392462383803,5.171392462383803,optimal,pitch_control,optimal
play144-game2020102509.csv,11.850000000000009,4.787042696464878,4.787042696464878,optimal,pitch_control,optimal
play1441-game2020112906.csv,5.989999999999995,6.3263654652572825,6.3263654652572825,optimal,pitch_control,optimal
play1450-game2020113000.csv,4.8799999999999955,1.8302398142805638,1.8302398142805638,optimal,pitch_control,optimal
play1458-game2020101100.csv,3.5600000000000023,13.66153277556284,13.66153277556284,optimal,pitch_control,optimal
play1459-game2020121305.csv,6.959999999999994,10.76600101141451,10.76600101141451,optimal,pitch_control,optimal
play1468-game2020122012.csv,11.829999999999998,1.7167121757721826,1.7167121757721826,optimal,pitch_control,optimal
play1473-game2020110106.csv,88.3,2.4539310865991704,2.4539310865991704,optimal,pitch_control,optimal
play1479-game2021010315.csv,3.1200000000000045,11.250208886949611,11.250208886949611,optimal,pitch_control,optimal
play1489-game2020112201.csv,11.51000000000002,24.110178605776305,24.110178605776305,optimal,pitch_control,optimal
play1506-game2020121900.csv,0.75,7.414149385540534,7.414149385540534,optimal,pitch_control,optimal
play151-game2020113000.csv,0.6000000000000085,19.16987741223193,19.16987741223193,optimal,pitch_control,optimal
play1510-game2020091300.csv,18.569999999999993,18.35022379383833,18.35022379383833,optimal,pitch_control,optimal
play153-game2020101900.csv,2.1999999999999886,6.022001328462154,6.022001328462154,optimal,pitch_control,optimal
play1535-game2021010314.csv,28.929999999999993,9.558284364884738,9.558284364884738,optimal,pitch_control,optimal
play1539-game2020110108.csv,3.799999999999997,10.965691952631172,10.965691952631172,optimal,pitch_control,optimal
play154-game2020112901.csv,18.35000000000001,2.2234471797439053,2.2234471797439053,optimal,pitch_control,optimal
play154-game2020122711.csv,12.880000000000003,4.1837064906611205,4.1837064906611205,optimal,pitch_control,optimal
play1545-game2020092713.csv,14.140000000000029,20.285551782268854,20.285551782268854,optimal,pitch_control,optimal
play1552-game2020122711.csv,0.6400000000000006,8.010218473924414,8.010218473924414,optimal,pitch_control,optimal
play1556-game2020091400.csv,0.9500000000000028,8.402094976849522,8.402094976849522,optimal,pitch_control,optimal
play1564-game2020112907.csv,13.449999999999989,6.216309194369277,6.216309194369277,optimal,pitch_control,optimal
play1566-game2020110110.csv,21.589999999999996,2.8125216048552972,2.8125216048552972,optimal,pitch_control,optimal
play1566-game2020122600.csv,12.969999999999999,11.397411986938085,11.397411986938085,optimal,pitch_control,optimal
play157-game2020112202.csv,6.539999999999978,13.673335318716981,13.673335318716981,optimal,pitch_control,optimal
play1575-game2020102513.csv,11.060000000000002,2.20614545707616,2.20614545707616,optimal,pitch_control,optimal
play1579-game2020101110.csv,5.709999999999994,20.053672980279696,20.053672980279696,optimal,pitch_control,optimal
play1586-game2021010300.csv,91.42999999999999,3.0477696763371087,3.0477696763371087,optimal,pitch_control,optimal
play1587-game2020100500.csv,10.969999999999999,1.7300650276795961,1.7300650276795961,optimal,pitch_control,optimal
play1589-game2020092007.csv,84.83,3.5414748967689285,3.5414748967689285,optimal,pitch_control,optimal
play1597-game2020091308.csv,7.469999999999999,30.313643792853412,30.313643792853412,optimal,pitch_control,optimal
play1598-game2020110102.csv,8.639999999999972,4.209642370663928,4.209642370663928,optimal,pitch_control,optimal
play1607-game2020112210.csv,8.09999999999998,1.526044269053512,1.526044269053512,optimal,pitch_control,optimal
play161-game2020112900.csv,6.449999999999989,10.960023095322383,10.960023095322383,optimal,pitch_control,optimal
play1612-game2020101813.csv,29.439999999999976,25.165975384443666,25.165975384443666,optimal,pitch_control,optimal
play1615-game2020092711.csv,12.690000000000012,6.842287629148603,6.842287629148603,optimal,pitch_control,optimal
play1620-game2020121900.csv,0.12000000000000455,6.78616239121935,6.78616239121935,optimal,pitch_control,optimal
play1621-game2020092003.csv,3.069999999999993,4.3428331766256,4.3428331766256,optimal,pitch_control,optimal
play1631-game2020122800.csv,5.75,5.60836082212183,5.60836082212183,optimal,pitch_control,optimal
play1633-game2020092707.csv,13.530000000000001,3.576074819003539,3.576074819003539,optimal,pitch_control,optimal
play1637-game2020120601.csv,10.650000000000006,6.686786306673118,6.686786306673118,optimal,pitch_control,optimal
play1639-game2020101109.csv,6.450000000000003,1.9231253498176137,1.9231253498176137,optimal,pitch_control,optimal
play1643-game2020091400.csv,11.339999999999996,8.833095594285037,8.833095594285037,optimal,pitch_control,optimal
play1653-game2021010309.csv,20.61,10.450191385807248,10.450191385807248,optimal,pitch_control,optimal
play1656-game2020112207.csv,8.579999999999998,6.510014520913146,6.510014520913146,optimal,pitch_control,optimal
play1663-game2020120604.csv,8.670000000000002,18.25804693218247,18.25804693218247,optimal,pitch_control,optimal
play1667-game2020112203.csv,11.419999999999973,7.625197447352499,7.625197447352499,optimal,pitch_control,optimal
play1674-game2020100404.csv,22.58,4.781401468189007,4.781401468189007,optimal,pitch_control,optimal
play1677-game2020112202.csv,8.959999999999994,2.7687542325024097,2.7687542325024097,optimal,pitch_control,optimal
play1692-game2020092702.csv,10.86,3.738154624945311,3.738154624945311,optimal,pitch_control,optimal
play170-game2020122002.csv,12.41000000000001,13.889420434272987,13.889420434272987,optimal,pitch_control,optimal
play1711-game2020102512.csv,56.379999999999995,5.094547193923237,5.094547193923237,optimal,pitch_control,optimal
play1719-game2020120607.csv,0.730000000000004,40.81937819410256,40.81937819410256,optimal,pitch_control,optimal
play1720-game2021010304.csv,0.700000000000017,9.584775925391558,9.584775925391558,optimal,pitch_control,optimal
play174-game2020112908.csv,15.040000000000006,10.409408137727032,10.409408137727032,optimal,pitch_control,optimal
play1744-game2020122003.csv,14.0,26.2363331987417,26.2363331987417,optimal,pitch_control,optimal
play1748-game2020091311.csv,7.259999999999991,6.413873851096378,6.413873851096378,optimal,pitch_control,optimal
play175-game2021010315.csv,,,,optimal,pitch_control,optimal
play1751-game2020101101.csv,4.469999999999999,25.975620404479514,25.975620404479514,optimal,pitch_control,optimal
play1764-game2020120608.csv,8.170000000000002,4.032519201579971,4.032519201579971,optimal,pitch_control,optimal
play1767-game2020101200.csv,8.340000000000003,27.440116617827993,27.440116617827993,optimal,pitch_control,optimal
play1767-game2020111512.csv,25.39999999999999,3.7179079475119985,3.7179079475119985,optimal,pitch_control,optimal
play177-game2020111505.csv,13.61999999999999,2.0250493821139255,2.0250493821139255,optimal,pitch_control,optimal
play1780-game2020102513.csv,7.570000000000007,4.794981172480714,4.794981172480714,optimal,pitch_control,optimal
play1783-game2020110106.csv,0.05999999999998806,5.02857832791734,5.02857832791734,optimal,pitch_control,optimal
play1788-game2020101300.csv,7.730000000000004,20.916971578122872,20.916971578122872,optimal,pitch_control,optimal
play179-game2021010305.csv,9.0,11.593144525968784,11.593144525968784,optimal,pitch_control,optimal
play1798-game2020120702.csv,16.799999999999997,4.780148607528765,4.780148607528765,optimal,pitch_control,optimal
play1801-game2020112202.csv,11.439999999999998,11.039727251059142,11.039727251059142,optimal,pitch_control,optimal
play181-game2020120603.csv,1.5100000000000051,5.968483894591656,5.968483894591656,optimal,pitch_control,optimal
play1822-game2020110806.csv,19.729999999999997,13.011857839849178,13.011857839849178,optimal,pitch_control,optimal
play1827-game2020121307.csv,4.260000000000005,4.419865508260532,4.419865508260532,optimal,pitch_control,optimal
play1837-game2020102200.csv,4.789999999999992,21.054391465915135,21.054391465915135,optimal,pitch_control,optimal
play1858-game2021010314.csv,0.07000000000000739,21.386984619415408,21.386984619415408,optimal,pitch_control,optimal
play1861-game2021010305.csv,8.200000000000003,14.020247773739628,14.020247773739628,optimal,pitch_control,optimal
play1862-game2020092004.csv,20.599999999999994,4.874515360525597,4.874515360525597,optimal,pitch_control,optimal
play1867-game2020121400.csv,5.179999999999978,2.2795930436032825,2.2795930436032825,optimal,pitch_control,optimal
play1876-game2020101112.csv,9.91000000000001,18.893242178091086,18.893242178091086,optimal,pitch_control,optimal
play1883-game2020092400.csv,11.150000000000006,7.426909032550332,7.426909032550332,optimal,pitch_control,optimal
play1883-game2020121304.csv,14.140000000000029,2.319600061313255,2.319600061313255,optimal,pitch_control,optimal
play1889-game2020121311.csv,2.269999999999996,3.497313254485509,3.497313254485509,optimal,pitch_control,optimal
play1890-game2020101200.csv,14.25,1.9109799696606993,1.9109799696606993,optimal,pitch_control,optimal
play1898-game2020122006.csv,25.189999999999998,6.2534612637944615,6.2534612637944615,optimal,pitch_control,optimal
play1899-game2020112201.csv,5.1200000000000045,11.346312665844843,11.346312665844843,optimal,pitch_control,optimal
play1909-game2020110802.csv,2.3900000000000006,8.141774990749871,8.141774990749871,optimal,pitch_control,optimal
play1924-game2020121000.csv,19.709999999999994,1.1324414382700347,1.1324414382700347,optimal,pitch_control,optimal
play1933-game2020101811.csv,7.090000000000003,6.247703578115719,6.247703578115719,optimal,pitch_control,optimal
play1935-game2020100409.csv,3.1799999999999926,3.9407416109717834,3.9407416109717834,optimal,pitch_control,optimal
play1945-game2020092006.csv,7.36999999999999,25.48741148968338,25.48741148968338,optimal,pitch_control,optimal
play195-game2021010313.csv,7.600000000000023,8.783403541781382,8.783403541781382,optimal,pitch_control,optimal
play1983-game2021010311.csv,21.49000000000001,5.388923825774492,5.388923825774492,optimal,pitch_control,optimal
play1988-game2020100401.csv,4.680000000000007,3.910064737315736,3.910064737315736,optimal,pitch_control,optimal
play1995-game2020101112.csv,13.739999999999995,11.482154753258545,11.482154753258545,optimal,pitch_control,optimal
play1995-game2020121306.csv,21.989999999999995,2.5566579747787905,2.5566579747787905,optimal,pitch_control,optimal
play1998-game2020092008.csv,3.610000000000028,5.046039525407556,5.046039525407556,optimal,pitch_control,optimal
play2007-game2020101108.csv,2.240000000000009,3.600680491240504,3.600680491240504,optimal,pitch_control,optimal
play2007-game2020121901.csv,6.6200000000000045,3.4444448028673635,3.4444448028673635,optimal,pitch_control,optimal
play2011-game2020111504.csv,9.90999999999999,1.0347332214180471,1.0347332214180471,optimal,pitch_control,optimal
play2017-game2020091304.csv,17.380000000000003,5.88028721898665,5.88028721898665,optimal,pitch_control,optimal
play2025-game2020092004.csv,1.2800000000000011,11.093294270764558,11.093294270764558,optimal,pitch_control,optimal
play2025-game2020122800.csv,5.0,12.494495232345766,12.494495232345766,optimal,pitch_control,optimal
play2046-game2020091310.csv,17.17,8.65296480982097,8.65296480982097,optimal,pitch_control,optimal
play2054-game2020112201.csv,7.25,3.526428788448733,3.526428788448733,optimal,pitch_control,optimal
play2062-game2020122100.csv,11.519999999999996,12.80336848038221,12.80336848038221,optimal,pitch_control,optimal
play2070-game2020092400.csv,15.76000000000002,4.926230246795655,4.926230246795655,optimal,pitch_control,optimal
play2075-game2020121310.csv,10.520000000000024,1.6838085137898389,1.6838085137898389,optimal,pitch_control,optimal
play208-game2020092011.csv,10.030000000000001,24.332517337916354,24.332517337916354,optimal,pitch_control,optimal
play2088-game2020101101.csv,9.899999999999991,11.697828858382225,11.697828858382225,optimal,pitch_control,optimal
play2104-game2020091308.csv,0.25,6.9065090238292575,6.9065090238292575,optimal,pitch_control,optimal
play211-game2020122100.csv,0.010000000000005116,21.627690584063757,21.627690584063757,optimal,pitch_control,optimal
play212-game2020122008.csv,0.8200000000000074,5.781046618044171,5.781046618044171,optimal,pitch_control,optimal
play2122-game2020101807.csv,0.12000000000000455,18.41505521005784,18.41505521005784,optimal,pitch_control,optimal
play2126-game2020110809.csv,6.6200000000000045,16.904023189761663,16.904023189761663,optimal,pitch_control,optimal
play213-game2020092709.csv,14.030000000000001,9.774175157014527,9.774175157014527,optimal,pitch_control,optimal
play213-game2020122007.csv,4.179999999999993,4.641437756174743,4.641437756174743,optimal,pitch_control,optimal
play2134-game2020112205.csv,10.150000000000006,0.5800000000000052,0.5800000000000052,optimal,pitch_control,optimal
play2135-game2021010309.csv,2.410000000000011,7.011904163634863,7.011904163634863,optimal,pitch_control,optimal
play2138-game2020110805.csv,5.709999999999994,7.818276309036716,7.818276309036716,optimal,pitch_control,optimal
play214-game2020122602.csv,33.40999999999999,1.378638619959722,1.378638619959722,optimal,pitch_control,optimal
play2140-game2020112903.csv,11.97999999999999,1.8394821131080497,1.8394821131080497,optimal,pitch_control,optimal
play2142-game2020112906.csv,86.95,2.8549253519894506,2.8549253519894506,optimal,pitch_control,optimal
play2143-game2020091303.csv,26.07,8.306744916699381,8.306744916699381,optimal,pitch_control,optimal
play2153-game2020110109.csv,19.36999999999999,8.930484655699004,8.930484655699004,optimal,pitch_control,optimal
play216-game2020120200.csv,1.3199999999999932,4.316480047446072,4.316480047446072,optimal,pitch_control,optimal
play2166-game2020112200.csv,6.659999999999997,5.900001406616744,5.900001406616744,optimal,pitch_control,optimal
play2183-game2020110808.csv,11.780000000000001,2.6398695253953575,2.6398695253953575,optimal,pitch_control,optimal
play2184-game2020102512.csv,12.719999999999999,5.784479233258598,5.784479233258598,optimal,pitch_control,optimal
play2196-game2020121305.csv,77.64,13.512251642285397,13.512251642285397,optimal,pitch_control,optimal
play2198-game2020121302.csv,0.0,5.407428018732913,5.407428018732913,optimal,pitch_control,optimal
play2201-game2020092702.csv,0.6500000000000057,25.213897843142863,25.213897843142863,optimal,pitch_control,optimal
play2206-game2020092709.csv,1.2600000000000051,6.995033952741043,6.995033952741043,optimal,pitch_control,optimal
play2221-game2020102505.csv,0.8399999999999892,5.906610232988503,5.906610232988503,optimal,pitch_control,optimal
play2228-game2020111501.csv,8.75,16.014598826788966,16.014598826788966,optimal,pitch_control,optimal
play2235-game2021010315.csv,20.92,21.034602444543612,21.034602444543612,optimal,pitch_control,optimal
play2247-game2021010303.csv,5.61999999999999,13.888810044220655,13.888810044220655,optimal,pitch_control,optimal
play2248-game2020091308.csv,10.11,25.4771690822282,25.4771690822282,optimal,pitch_control,optimal
play226-game2020120600.csv,6.670000000000002,6.988769562662658,6.988769562662658,optimal,pitch_control,optimal
play2265-game2020122708.csv,7.8500000000000085,1.4808443537387757,1.4808443537387757,optimal,pitch_control,optimal
play2267-game2020091401.csv,9.129999999999995,2.047925779905128,2.047925779905128,optimal,pitch_control,optimal
play2270-game2020110809.csv,8.109999999999971,1.1718266841891498,1.1718266841891498,optimal,pitch_control,optimal
play2272-game2020091301.csv,4.030000000000001,5.360792851808396,5.360792851808396,optimal,pitch_control,optimal
play2272-game2020102200.csv,11.310000000000002,5.3421437644451295,5.3421437644451295,optimal,pitch_control,optimal
play2275-game2020111600.csv,4.8300000000000125,13.597974113815637,13.597974113815637,optimal,pitch_control,optimal
play2276-game2020121311.csv,9.379999999999995,16.06166588841615,16.06166588841615,optimal,pitch_control,optimal
play2303-game2020112907.csv,0.22999999999998977,7.5653486370424465,7.5653486370424465,optimal,pitch_control,optimal
play2310-game2020101806.csv,17.870000000000005,19.936064751544578,19.936064751544578,optimal,pitch_control,optimal
play2318-game2020110806.csv,3.3900000000000006,24.631128678970438,24.631128678970438,optimal,pitch_control,optimal
play2318-game2020122500.csv,0.39000000000000057,10.903100476469987,10.903100476469987,optimal,pitch_control,optimal
play2319-game2020122702.csv,20.260000000000005,1.6469804019612508,1.6469804019612508,optimal,pitch_control,optimal
play2323-game2020112211.csv,1.5600000000000023,12.894302264441404,12.894302264441404,optimal,pitch_control,optimal
play2330-game2020102600.csv,1.480000000000004,12.113405035267304,12.113405035267304,optimal,pitch_control,optimal
play2338-game2020101801.csv,7.030000000000001,12.86089032687862,12.86089032687862,optimal,pitch_control,optimal
play2345-game2020100410.csv,13.380000000000003,6.6878928752717846,6.6878928752717846,optimal,pitch_control,optimal
play2345-game2020101813.csv,14.510000000000005,6.037093671627102,6.037093671627102,optimal,pitch_control,optimal
play2348-game2020092010.csv,4.609999999999999,10.119941260259921,10.119941260259921,optimal,pitch_control,optimal
play235-game2020122704.csv,10.670000000000002,3.9587385757474727,3.9587385757474727,optimal,pitch_control,optimal
play2354-game2020112905.csv,19.74000000000001,4.807296537556218,4.807296537556218,optimal,pitch_control,optimal
play2360-game2020112207.csv,9.650000000000006,4.408106169320336,4.408106169320336,optimal,pitch_control,optimal
play2365-game2020110108.csv,45.74999999999999,10.535487648894096,10.535487648894096,optimal,pitch_control,optimal
play2369-game2020113000.csv,12.870000000000005,3.0134513251235537,3.0134513251235537,optimal,pitch_control,optimal
play2369-game2020122602.csv,12.189999999999998,9.063534875778023,9.063534875778023,optimal,pitch_control,optimal
play2370-game2020101810.csv,14.950000000000003,4.202124829942576,4.202124829942576,optimal,pitch_control,optimal
play238-game2020110802.csv,6.719999999999999,7.816826579743061,7.816826579743061,optimal,pitch_control,optimal
play2381-game2020111600.csv,15.140000000000015,6.8835560900194945,6.8835560900194945,optimal,pitch_control,optimal
play2385-game2020112909.csv,0.6899999999999977,6.389020318741164,6.389020318741164,optimal,pitch_control,optimal
play2399-game2020121312.csv,15.149999999999991,4.851475147943261,4.851475147943261,optimal,pitch_control,optimal
play2406-game2020110810.csv,3.4499999999999886,2.4186773244895674,2.4186773244895674,optimal,pitch_control,optimal
play2408-game2020112203.csv,6.679999999999978,1.0719521454049064,1.0719521454049064,optimal,pitch_control,optimal
play2410-game2020120603.csv,5.490000000000009,3.026683186445369,3.026683186445369,optimal,pitch_control,optimal
play2412-game2020112202.csv,0.3299999999999983,5.589749547162197,5.589749547162197,optimal,pitch_control,optimal
play2417-game2020110100.csv,16.299999999999997,3.7251191117458555,3.7251191117458555,optimal,pitch_control,optimal
play2422-game2020122800.csv,14.63000000000001,2.781392536921827,2.781392536921827,optimal,pitch_control,optimal
play2427-game2020092002.csv,0.6899999999999977,7.12274369732463,7.12274369732463,optimal,pitch_control,optimal
play2428-game2020092711.csv,29.200000000000003,6.26219365889363,6.26219365889363,optimal,pitch_control,optimal
play2429-game2020101108.csv,12.600000000000001,3.3967631651323593,3.3967631651323593,optimal,pitch_control,optimal
play2445-game2020112201.csv,15.310000000000002,3.6811699906415662,3.6811699906415662,optimal,pitch_control,optimal
play2456-game2020100401.csv,4.650000000000006,4.857287766279082,4.857287766279082,optimal,pitch_control,optimal
play2461-game2020100407.csv,11.539999999999992,4.220007200346352,4.220007200346352,optimal,pitch_control,optimal
play2461-game2021010308.csv,22.400000000000006,10.468357082178656,10.468357082178656,optimal,pitch_control,optimal
play2466-game2020122013.csv,12.980000000000004,4.658690803219289,4.658690803219289,optimal,pitch_control,optimal
play2476-game2020122707.csv,1.039999999999992,25.571116735706145,25.571116735706145,optimal,pitch_control,optimal
play2484-game2020102506.csv,16.940000000000026,0.49854231961233003,0.49854231961233003,optimal,pitch_control,optimal
play2488-game2020121901.csv,1.2700000000000031,4.794663700406942,4.794663700406942,optimal,pitch_control,optimal
play249-game2020092704.csv,10.699999999999989,3.3591963324581067,3.3591963324581067,optimal,pitch_control,optimal
play2491-game2020122704.csv,11.430000000000007,4.084753494534405,4.084753494534405,optimal,pitch_control,optimal
play2492-game2020120601.csv,3.980000000000004,8.643154002510368,8.643154002510368,optimal,pitch_control,optimal
play2492-game2020122012.csv,8.540000000000006,22.361524992719076,22.361524992719076,optimal,pitch_control,optimal
play2512-game2020120200.csv,11.920000000000002,2.887774998929874,2.887774998929874,optimal,pitch_control,optimal
play2517-game2020100100.csv,12.780000000000001,22.006941581641414,22.006941581641414,optimal,pitch_control,optimal
play2518-game2020101103.csv,7.3799999999999955,8.199146297023855,8.199146297023855,optimal,pitch_control,optimal
play2518-game2020112903.csv,16.55000000000001,11.722137177153321,11.722137177153321,optimal,pitch_control,optimal
play2523-game2020092709.csv,10.230000000000004,4.819647289999552,4.819647289999552,optimal,pitch_control,optimal
play2524-game2020110811.csv,1.7800000000000011,11.403372795410627,11.403372795410627,optimal,pitch_control,optimal
play2524-game2020112204.csv,2.1400000000000006,8.975760568206917,8.975760568206917,optimal,pitch_control,optimal
play2525-game2020110101.csv,2.5600000000000023,6.948082069495473,6.948082069495473,optimal,pitch_control,optimal
play2541-game2020110112.csv,6.929999999999993,12.644049984083424,12.644049984083424,optimal,pitch_control,optimal
play2541-game2021010307.csv,12.079999999999998,3.9429740608383996,3.9429740608383996,optimal,pitch_control,optimal
play2542-game2020121302.csv,0.2300000000000466,6.638595065557524,6.638595065557524,optimal,pitch_control,optimal
play2547-game2020122600.csv,77.69,9.26460468665555,9.26460468665555,optimal,pitch_control,optimal
play2548-game2020100409.csv,14.159999999999997,5.837876326199448,5.837876326199448,optimal,pitch_control,optimal
play2563-game2020100401.csv,12.559999999999995,4.726986354962322,4.726986354962322,optimal,pitch_control,optimal
play2565-game2020101101.csv,1.4099999999999966,3.946061327450448,3.946061327450448,optimal,pitch_control,optimal
play2565-game2020101813.csv,12.569999999999993,8.909221904314212,8.909221904314212,optimal,pitch_control,optimal
play2567-game2020122004.csv,2.469999999999999,8.328682035258906,8.328682035258906,optimal,pitch_control,optimal
play2583-game2020101200.csv,17.42,8.46241195223813,8.46241195223813,optimal,pitch_control,optimal
play2583-game2020112205.csv,0.1599999999999966,4.114608122288195,4.114608122288195,optimal,pitch_control,optimal
play2590-game2020091301.csv,16.560000000000002,23.166616306899694,23.166616306899694,optimal,pitch_control,optimal
play2604-game2020122100.csv,7.900000000000006,4.973217978484784,4.973217978484784,optimal,pitch_control,optimal
play2609-game2020120200.csv,5.319999999999993,36.615637369845146,36.615637369845146,optimal,pitch_control,optimal
play2622-game2020110103.csv,1.5200000000000102,11.703908404408136,11.703908404408136,optimal,pitch_control,optimal
play2623-game2020092707.csv,17.730000000000004,49.57053975648063,49.57053975648063,optimal,pitch_control,optimal
play2623-game2020100412.csv,39.31,0.5224408525799276,0.5224408525799276,optimal,pitch_control,optimal
play2634-game2020122010.csv,0.8000000000000114,3.7134485320251787,3.7134485320251787,optimal,pitch_control,optimal
play2637-game2020122712.csv,1.0699999999999932,7.84637566721802,7.84637566721802,optimal,pitch_control,optimal
play2648-game2020112904.csv,7.0,16.63430725271653,16.63430725271653,optimal,pitch_control,optimal
play2656-game2020122005.csv,0.4500000000000455,9.807426324531372,9.807426324531372,optimal,pitch_control,optimal
play2660-game2020112900.csv,2.519999999999996,11.118938798284661,11.118938798284661,optimal,pitch_control,optimal
play2661-game2020122708.csv,9.61,7.82387372086232,7.82387372086232,optimal,pitch_control,optimal
play2662-game2020091302.csv,17.379999999999995,8.498637799344339,8.498637799344339,optimal,pitch_control,optimal
play267-game2020092007.csv,18.099999999999994,5.753477209479499,5.753477209479499,optimal,pitch_control,optimal
play268-game2020122013.csv,9.659999999999997,1.7308315278437045,1.7308315278437045,optimal,pitch_control,optimal
play2683-game2020120601.csv,9.14,21.286732957408002,21.286732957408002,optimal,pitch_control,optimal
play2689-game2020121309.csv,0.5399999999999991,4.872129354239732,4.872129354239732,optimal,pitch_control,optimal
play2699-game2020102500.csv,0.9699999999999989,6.2571848322376304,6.2571848322376304,optimal,pitch_control,optimal
play270-game2020120603.csv,9.220000000000013,3.8033596103364253,3.8033596103364253,optimal,pitch_control,optimal
play2703-game2020092711.csv,1.7700000000000102,17.423446846132368,17.423446846132368,optimal,pitch_control,optimal
play2706-game2020112906.csv,8.799999999999997,2.4893394929400703,2.4893394929400703,optimal,pitch_control,optimal
play2711-game2020110105.csv,1.7000000000000028,34.8194894340001,34.8194894340001,optimal,pitch_control,optimal
play2712-game2020122709.csv,8.870000000000005,1.3219813515619512,1.3219813515619512,optimal,pitch_control,optimal
play2713-game2020091401.csv,1.3499999999999943,13.200856032848778,13.200856032848778,optimal,pitch_control,optimal
play2713-game2020112907.csv,11.219999999999999,7.638429885199657,7.638429885199657,optimal,pitch_control,optimal
play2725-game2020092010.csv,1.950000000000017,7.091481587870834,7.091481587870834,optimal,pitch_control,optimal
play2726-game2020120602.csv,40.629999999999995,11.235899805731817,11.235899805731817,optimal,pitch_control,optimal
play2728-game2020122009.csv,9.36999999999999,6.330955694048094,6.330955694048094,optimal,pitch_control,optimal
play2734-game2020112206.csv,4.3700000000000045,18.365731676140758,18.365731676140758,optimal,pitch_control,optimal
play2736-game2020110802.csv,3.5600000000000023,3.1423080689200376,3.1423080689200376,optimal,pitch_control,optimal
play2737-game2020120603.csv,0.9200000000000301,6.5938237094353065,6.5938237094353065,optimal,pitch_control,optimal
play2739-game2020111505.csv,2.030000000000001,6.5135320679336495,6.5135320679336495,optimal,pitch_control,optimal
play2740-game2020110109.csv,7.3700000000000045,4.835917699878689,4.835917699878689,optimal,pitch_control,optimal
play2743-game2020121900.csv,4.77000000000001,9.909841643064988,9.909841643064988,optimal,pitch_control,optimal
play2753-game2020112300.csv,0.25,14.387063633695378,14.387063633695378,optimal,pitch_control,optimal
play2754-game2020091311.csv,0.28000000000000114,8.550640002037534,8.550640002037534,optimal,pitch_control,optimal
play2757-game2020101812.csv,5.659999999999997,3.500300859409802,3.500300859409802,optimal,pitch_control,optimal
play2757-game2020102503.csv,13.33999999999999,1.9744267803874473,1.9744267803874473,optimal,pitch_control,optimal
play2761-game2020101811.csv,9.219999999999999,28.223105782319564,28.223105782319564,optimal,pitch_control,optimal
play2767-game2020122010.csv,12.349999999999994,6.000014814796516,6.000014814796516,optimal,pitch_control,optimal
play2772-game2020091310.csv,14.929999999999993,15.300160129880995,15.300160129880995,optimal,pitch_control,optimal
play2781-game2021010311.csv,18.22,4.893578558796323,4.893578558796323,optimal,pitch_control,optimal
play2783-game2020091309.csv,22.210000000000022,1.6794873556468837,1.6794873556468837,optimal,pitch_control,optimal
play2793-game2020120605.csv,11.810000000000002,21.047524267185874,21.047524267185874,optimal,pitch_control,optimal
play2796-game2020121303.csv,1.6899999999999977,3.6506711711683986,3.6506711711683986,optimal,pitch_control,optimal
play2796-game2021010301.csv,9.159999999999997,6.765478549223251,6.765478549223251,optimal,pitch_control,optimal
play2797-game2020100406.csv,8.929999999999993,0.8302484567886894,0.8302484567886894,optimal,pitch_control,optimal
play2799-game2020112207.csv,2.6500000000000057,8.332742645731953,8.332742645731953,optimal,pitch_control,optimal
play280-game2021010305.csv,11.519999999999996,3.1371995453994144,3.1371995453994144,optimal,pitch_control,optimal
play2803-game2020092003.csv,20.47,12.70077163010185,12.70077163010185,optimal,pitch_control,optimal
play2812-game2020101105.csv,9.180000000000007,4.469004363390133,4.469004363390133,optimal,pitch_control,optimal
play2823-game2020111510.csv,3.190000000000012,8.953770155638356,8.953770155638356,optimal,pitch_control,optimal
play283-game2020112904.csv,5.670000000000002,3.0313051827737723,3.0313051827737723,optimal,pitch_control,optimal
play2843-game2020121901.csv,20.64,3.5036552341804406,3.5036552341804406,optimal,pitch_control,optimal
play2857-game2020101101.csv,3.019999999999996,10.687422514338994,10.687422514338994,optimal,pitch_control,optimal
play286-game2020110808.csv,0.9099999999999966,13.213421207242279,13.213421207242279,optimal,pitch_control,optimal
play286-game2020120612.csv,2.319999999999993,11.158467636732205,11.158467636732205,optimal,pitch_control,optimal
play2861-game2020110801.csv,5.659999999999997,2.90822301605484,2.90822301605484,optimal,pitch_control,optimal
play2861-game2020112903.csv,10.879999999999995,3.339955089518421,3.339955089518421,optimal,pitch_control,optimal
play2868-game2020101108.csv,6.720000000000027,24.967388952614,24.967388952614,optimal,pitch_control,optimal
play2876-game2020121000.csv,1.0700000000000074,16.459945321901895,16.459945321901895,optimal,pitch_control,optimal
play288-game2020121300.csv,89.75999999999999,31.569075761644406,31.569075761644406,optimal,pitch_control,optimal
play2880-game2020091308.csv,11.689999999999998,14.750410163788667,14.750410163788667,optimal,pitch_control,optimal
play2882-game2020120602.csv,3.0400000000000063,3.1306389124266607,3.1306389124266607,optimal,pitch_control,optimal
play289-game2020110801.csv,10.370000000000019,7.376458801108046,7.376458801108046,optimal,pitch_control,optimal
play2890-game2020111509.csv,16.810000000000002,24.970304585869822,24.970304585869822,optimal,pitch_control,optimal
play2891-game2020122709.csv,11.560000000000002,21.92533922200521,21.92533922200521,optimal,pitch_control,optimal
play2903-game2020092707.csv,7.75,5.438631363781803,5.438631363781803,optimal,pitch_control,optimal
play2908-game2020122602.csv,21.15,2.858326044694297,2.858326044694297,optimal,pitch_control,optimal
play2912-game2020101805.csv,8.700000000000003,9.444420457485881,9.444420457485881,optimal,pitch_control,optimal
play2920-game2020101901.csv,0.7200000000000131,6.709815774789178,6.709815774789178,optimal,pitch_control,optimal
play2922-game2020110108.csv,14.259999999999998,14.945353793068932,14.945353793068932,optimal,pitch_control,optimal
play2923-game2020112910.csv,2.5300000000000153,10.27287745040849,10.27287745040849,optimal,pitch_control,optimal
play2935-game2020112210.csv,2.3699999999999903,4.255032314800907,4.255032314800907,optimal,pitch_control,optimal
play2935-game2021010309.csv,7.819999999999993,12.031751511913985,12.031751511913985,optimal,pitch_control,optimal
play2936-game2020111505.csv,7.240000000000023,3.6465146509066444,3.6465146509066444,optimal,pitch_control,optimal
play2943-game2020122009.csv,15.939999999999998,3.326358223008727,3.326358223008727,optimal,pitch_control,optimal
play2945-game2020122707.csv,11.36,2.772341569463946,2.772341569463946,optimal,pitch_control,optimal
play2949-game2020112300.csv,3.319999999999993,5.162910462563192,5.162910462563192,optimal,pitch_control,optimal
play2972-game2020110805.csv,10.969999999999999,1.636391694484476,1.636391694484476,optimal,pitch_control,optimal
play2992-game2020101106.csv,1.9099999999999966,11.177522086759659,11.177522086759659,optimal,pitch_control,optimal
play3004-game2020102506.csv,12.700000000000003,25.407052389270014,25.407052389270014,optimal,pitch_control,optimal
play3005-game2020092400.csv,10.019999999999996,11.197835108230123,11.197835108230123,optimal,pitch_control,optimal
play3007-game2020102512.csv,4.040000000000006,3.8706947409706434,3.8706947409706434,optimal,pitch_control,optimal
play3007-game2020112206.csv,14.620000000000005,1.4380890097626056,1.4380890097626056,optimal,pitch_control,optimal
play3019-game2020111501.csv,1.0400000000000063,36.265595143910524,36.265595143910524,optimal,pitch_control,optimal
play3023-game2020101110.csv,6.969999999999999,6.281338321656552,6.281338321656552,optimal,pitch_control,optimal
play3023-game2020121900.csv,7.350000000000001,12.06664825044635,12.06664825044635,optimal,pitch_control,optimal
play3024-game2020112210.csv,1.9000000000000057,16.080865786531657,16.080865786531657,optimal,pitch_control,optimal
play3041-game2020112300.csv,1.1899999999999977,16.42387591282886,16.42387591282886,optimal,pitch_control,optimal
play3049-game2020101108.csv,3.0799999999999983,3.7853900430177396,3.7853900430177396,optimal,pitch_control,optimal
play3049-game2020121300.csv,0.5,9.349795600855556,9.349795600855556,optimal,pitch_control,optimal
play3050-game2020092708.csv,13.930000000000007,1.1543396380615187,1.1543396380615187,optimal,pitch_control,optimal
play3050-game2020121000.csv,22.25999999999999,6.204167953883906,6.204167953883906,optimal,pitch_control,optimal
play3054-game2020111512.csv,18.859999999999992,16.888957931145423,16.888957931145423,optimal,pitch_control,optimal
play3055-game2020091400.csv,10.620000000000019,4.039968371713372,4.039968371713372,optimal,pitch_control,optimal
play3060-game2020101111.csv,1.2000000000000028,16.52333635935686,16.52333635935686,optimal,pitch_control,optimal
play3064-game2020110111.csv,16.25,2.985583881104515,2.985583881104515,optimal,pitch_control,optimal
play3065-game2020111504.csv,21.319999999999993,3.9108751507104498,3.9108751507104498,optimal,pitch_control,optimal
play307-game2020092703.csv,0.4000000000000199,5.587140990206395,5.587140990206395,optimal,pitch_control,optimal
play3071-game2020092004.csv,10.400000000000006,16.425436285470546,16.425436285470546,optimal,pitch_control,optimal
play3077-game2020101804.csv,2.410000000000011,22.611957557379526,22.611957557379526,optimal,pitch_control,optimal
play3080-game2020101810.csv,3.90000000000002,26.064415522762257,26.064415522762257,optimal,pitch_control,optimal
play3092-game2020110804.csv,6.3799999999999955,1.394026940597311,1.394026940597311,optimal,pitch_control,optimal
play3092-game2020120610.csv,81.22000000000003,6.556788678749525,6.556788678749525,optimal,pitch_control,optimal
play3094-game2020112205.csv,13.150000000000006,27.348079577356152,27.348079577356152,optimal,pitch_control,optimal
play3116-game2020092001.csv,1.0,6.565242654396797,6.565242654396797,optimal,pitch_control,optimal
play3120-game2020092013.csv,15.670000000000002,5.306872902190141,5.306872902190141,optimal,pitch_control,optimal
play3130-game2020092700.csv,12.950000000000003,3.398896879871472,3.398896879871472,optimal,pitch_control,optimal
play3132-game2020101100.csv,2.3200000000000074,8.145980603954323,8.145980603954323,optimal,pitch_control,optimal
play3132-game2020121310.csv,20.85000000000001,1.5230561381643175,1.5230561381643175,optimal,pitch_control,optimal
play3136-game2020110106.csv,17.349999999999994,29.957525603390174,29.957525603390174,optimal,pitch_control,optimal
play3138-game2020101811.csv,5.990000000000009,1.5913970103165473,1.5913970103165473,optimal,pitch_control,optimal
play3149-game2020101813.csv,9.299999999999997,6.541669851379275,6.541669851379275,optimal,pitch_control,optimal
play3153-game2020112909.csv,3.3700000000000045,9.395850147804614,9.395850147804614,optimal,pitch_control,optimal
play3162-game2020120702.csv,11.400000000000006,8.216775523281626,8.216775523281626,optimal,pitch_control,optimal
play3162-game2020122005.csv,25.699999999999996,11.156648242191737,11.156648242191737,optimal,pitch_control,optimal
play3168-game2020092712.csv,7.289999999999992,1.8866784451929117,1.8866784451929117,optimal,pitch_control,optimal
play3177-game2020122012.csv,,,,optimal,pitch_control,optimal
play3181-game2020122003.csv,26.08,2.7204595200076027,2.7204595200076027,optimal,pitch_control,optimal
play3203-game2020120600.csv,8.170000000000002,2.293275193061458,2.293275193061458,optimal,pitch_control,optimal
play3216-game2020100100.csv,43.54,4.2283448298359,4.2283448298359,optimal,pitch_control,optimal
play3216-game2020110803.csv,0.12000000000000455,14.36267341037817,14.36267341037817,optimal,pitch_control,optimal
play322-game2020101813.csv,0.45000000000000284,9.776236494684445,9.776236494684445,optimal,pitch_control,optimal
play322-game2020120604.csv,12.20999999999998,0.9540847854241076,0.9540847854241076,optimal,pitch_control,optimal
play3224-game2021010303.csv,32.91,14.622304120000294,14.622304120000294,optimal,pitch_control,optimal
play3225-game2020120602.csv,10.569999999999993,18.062971639363344,18.062971639363344,optimal,pitch_control,optimal
play3230-game2020120611.csv,60.29,11.292143286373937,11.292143286373937,optimal,pitch_control,optimal
play3234-game2020122800.csv,10.560000000000002,7.881167426212947,7.881167426212947,optimal,pitch_control,optimal
play3240-game2020110110.csv,4.439999999999998,27.595658851408324,27.595658851408324,optimal,pitch_control,optimal
play3240-game2020122011.csv,12.0,8.589296310589784,8.589296310589784,optimal,pitch_control,optimal
play3243-game2020100404.csv,0.05000000000001137,12.690677680880563,12.690677680880563,optimal,pitch_control,optimal
play3247-game2020091303.csv,10.709999999999994,1.8622596787535008,1.8622596787535008,optimal,pitch_control,optimal
play3262-game2020122006.csv,8.759999999999998,8.326205618407464,8.326205618407464,optimal,pitch_control,optimal
play327-game2020121000.csv,8.450000000000003,9.886688776727038,9.886688776727038,optimal,pitch_control,optimal
play3274-game2020110105.csv,35.699999999999996,9.291770552483527,9.291770552483527,optimal,pitch_control,optimal
play3282-game2021010313.csv,15.439999999999998,11.108717297690136,11.108717297690136,optimal,pitch_control,optimal
play3288-game2020092003.csv,10.079999999999998,3.9503726969039645,3.9503726969039645,optimal,pitch_control,optimal
play3288-game2020122709.csv,3.8599999999999994,11.768727392732169,11.768727392732169,optimal,pitch_control,optimal
play329-game2020101901.csv,24.489999999999995,8.608019516706499,8.608019516706499,optimal,pitch_control,optimal
play3298-game2020091310.csv,17.459999999999994,4.052572571150873,4.052572571150873,optimal,pitch_control,optimal
play3299-game2020121306.csv,13.75,13.617992183545676,13.617992183545676,optimal,pitch_control,optimal
play3302-game2020092013.csv,19.379999999999995,8.401113682787003,8.401113682787003,optimal,pitch_control,optimal
play3315-game2020111507.csv,17.340000000000003,26.717361882106786,26.717361882106786,optimal,pitch_control,optimal
play3322-game2020101811.csv,13.240000000000009,13.782634000799705,13.782634000799705,optimal,pitch_control,optimal
play3343-game2020102507.csv,3.1599999999999966,8.739044570203314,8.739044570203314,optimal,pitch_control,optimal
play335-game2020121306.csv,29.86999999999999,23.90795358127593,23.90795358127593,optimal,pitch_control,optimal
play3351-game2020122013.csv,16.91000000000001,2.331115612748544,2.331115612748544,optimal,pitch_control,optimal
play3361-game2020111505.csv,6.549999999999997,11.355943010940784,11.355943010940784,optimal,pitch_control,optimal
play3367-game2020100401.csv,20.449999999999974,2.3116252099142507,2.3116252099142507,optimal,pitch_control,optimal
play3370-game2020091312.csv,20.92,12.603816882198824,12.603816882198824,optimal,pitch_control,optimal
play3373-game2020111504.csv,20.17000000000001,1.2317467272130311,1.2317467272130311,optimal,pitch_control,optimal
play3374-game2020112206.csv,1.6000000000000085,7.034335631584397,7.034335631584397,optimal,pitch_control,optimal
play3391-game2020101813.csv,0.6599999999999966,6.526595164742822,6.526595164742822,optimal,pitch_control,optimal
play3413-game2020112601.csv,10.030000000000001,11.0594775846079,11.0594775846079,optimal,pitch_control,optimal
play3416-game2020122600.csv,4.3700000000000045,13.890130964766138,13.890130964766138,optimal,pitch_control,optimal
play3431-game2021010313.csv,3.7099999999999937,10.35723794154493,10.35723794154493,optimal,pitch_control,optimal
play3435-game2020091000.csv,23.739999999999995,12.989172413976188,12.989172413976188,optimal,pitch_control,optimal
play3435-game2020092706.csv,4.269999999999996,4.305124853009489,4.305124853009489,optimal,pitch_control,optimal
play3438-game2020121000.csv,6.159999999999997,1.2567418191498199,1.2567418191498199,optimal,pitch_control,optimal
play3440-game2020112202.csv,6.519999999999996,1.2130036182047368,1.2130036182047368,optimal,pitch_control,optimal
play3451-game2020121305.csv,4.1200000000000045,12.131811259842637,12.131811259842637,optimal,pitch_control,optimal
play3460-game2020122800.csv,3.700000000000003,12.284748743643258,12.284748743643258,optimal,pitch_control,optimal
play3468-game2020101108.csv,10.25,15.869593086613593,15.869593086613593,optimal,pitch_control,optimal
play347-game2021010312.csv,1.8499999999999943,13.306990644018654,13.306990644018654,optimal,pitch_control,optimal
play3476-game2021010308.csv,2.1500000000000057,10.387304751474277,10.387304751474277,optimal,pitch_control,optimal
play3478-game2021010309.csv,0.9599999999999937,6.2785746790175265,6.2785746790175265,optimal,pitch_control,optimal
play3491-game2020100410.csv,8.010000000000005,11.554232519004609,11.554232519004609,optimal,pitch_control,optimal
play3500-game2020111600.csv,31.260000000000005,11.06822930734632,11.06822930734632,optimal,pitch_control,optimal
play3503-game2020122705.csv,6.030000000000015,26.348669057679388,26.348669057679388,optimal,pitch_control,optimal
play3510-game2020092712.csv,0.6400000000000006,8.204001733571522,8.204001733571522,optimal,pitch_control,optimal
play3517-game2020122500.csv,15.100000000000009,0.596845642171042,0.596845642171042,optimal,pitch_control,optimal
play3530-game2021010303.csv,3.029999999999987,12.920697005622841,12.920697005622841,optimal,pitch_control,optimal
play3531-game2020100407.csv,13.36,6.751896030005201,6.751896030005201,optimal,pitch_control,optimal
play3532-game2020120608.csv,5.950000000000003,8.916358250117838,8.916358250117838,optimal,pitch_control,optimal
play3534-game2020092710.csv,19.67,2.847542800380708,2.847542800380708,optimal,pitch_control,optimal
play3537-game2021010313.csv,10.649999999999999,1.7853291013143744,1.7853291013143744,optimal,pitch_control,optimal
play3546-game2020112909.csv,12.019999999999996,12.753768070652688,12.753768070652688,optimal,pitch_control,optimal
play3547-game2020110802.csv,0.0799999999999983,5.051574012127308,5.051574012127308,optimal,pitch_control,optimal
play3548-game2020120607.csv,15.879999999999995,19.678257036638183,19.678257036638183,optimal,pitch_control,optimal
play3549-game2020100400.csv,0.3800000000000239,35.26820263871467,35.26820263871467,optimal,pitch_control,optimal
play3551-game2020122012.csv,1.6099999999999994,7.321539759124749,7.321539759124749,optimal,pitch_control,optimal
play3564-game2020110106.csv,6.049999999999997,4.242322477134431,4.242322477134431,optimal,pitch_control,optimal
play3576-game2020122711.csv,3.719999999999999,14.026912624586279,14.026912624586279,optimal,pitch_control,optimal
play359-game2020110806.csv,10.540000000000006,2.6208586379276544,2.6208586379276544,optimal,pitch_control,optimal
play3598-game2020122702.csv,10.0,3.13520513564959,3.13520513564959,optimal,pitch_control,optimal
play3603-game2020101810.csv,8.83999999999999,34.61910599654474,34.61910599654474,optimal,pitch_control,optimal
play3623-game2020101200.csv,7.0,2.7916562188859273,2.7916562188859273,optimal,pitch_control,optimal
play3637-game2020122003.csv,36.379999999999995,1.3085837222068397,1.3085837222068397,optimal,pitch_control,optimal
play3645-game2020110810.csv,1.1500000000000057,7.651222124602056,7.651222124602056,optimal,pitch_control,optimal
play3649-game2020111506.csv,32.739999999999995,8.733132313208134,8.733132313208134,optimal,pitch_control,optimal
play3654-game2020102506.csv,14.61,12.777750193206943,12.777750193206943,optimal,pitch_control,optimal
play3655-game2020121306.csv,18.200000000000003,5.0655066898279175,5.0655066898279175,optimal,pitch_control,optimal
play3660-game2020110200.csv,0.980000000000004,2.9992332353453324,2.9992332353453324,optimal,pitch_control,optimal
play3661-game2020121301.csv,21.5,3.7901481686730802,3.7901481686730802,optimal,pitch_control,optimal
play3667-game2020110806.csv,13.11999999999999,18.485454041248513,18.485454041248513,optimal,pitch_control,optimal
play3670-game2020121000.csv,4.289999999999992,28.24227543950042,28.24227543950042,optimal,pitch_control,optimal
play3674-game2020110500.csv,10.989999999999995,1.609433992985664,1.609433992985664,optimal,pitch_control,optimal
play370-game2020121307.csv,9.849999999999994,1.5334943554743197,1.5334943554743197,optimal,pitch_control,optimal
play3702-game2020100412.csv,26.36,5.293371116573812,5.293371116573812,optimal,pitch_control,optimal
play371-game2021010305.csv,17.070000000000007,8.841832389273165,8.841832389273165,optimal,pitch_control,optimal
play3713-game2020101108.csv,3.160000000000011,3.9473535438316163,3.9473535438316163,optimal,pitch_control,optimal
play3723-game2020111503.csv,6.810000000000002,4.005511827469746,4.005511827469746,optimal,pitch_control,optimal
play3725-game2020100403.csv,8.840000000000003,1.742440816785466,1.742440816785466,optimal,pitch_control,optimal
play3731-game2020110104.csv,10.450000000000003,10.069210495366555,10.069210495366555,optimal,pitch_control,optimal
play3734-game2020120602.csv,79.33999999999999,1.3000000000000007,1.3000000000000007,optimal,pitch_control,optimal
play3741-game2020091401.csv,8.5,12.721540787184546,12.721540787184546,optimal,pitch_control,optimal
play3742-game2020101806.csv,25.129999999999995,2.892562877449687,2.892562877449687,optimal,pitch_control,optimal
play3747-game2020122010.csv,3.4000000000000057,9.256052074183685,9.256052074183685,optimal,pitch_control,optimal
play3750-game2020110800.csv,9.550000000000011,3.666742423459819,3.666742423459819,optimal,pitch_control,optimal
play3752-game2020101800.csv,8.77000000000001,6.115848264958837,6.115848264958837,optimal,pitch_control,optimal
play378-game2020120702.csv,20.68999999999999,13.323606869012611,13.323606869012611,optimal,pitch_control,optimal
play3782-game2020121300.csv,13.329999999999977,3.9194699188084687,3.9194699188084687,optimal,pitch_control,optimal
play3787-game2020122005.csv,14.920000000000002,13.507516426049609,13.507516426049609,optimal,pitch_control,optimal
play3790-game2020091310.csv,6.659999999999997,1.1150535612446768,1.1150535612446768,optimal,pitch_control,optimal
play3799-game2020121301.csv,10.040000000000006,5.8975145423964515,5.8975145423964515,optimal,pitch_control,optimal
play3803-game2020121312.csv,1.8200000000000074,25.47049487466435,25.47049487466435,optimal,pitch_control,optimal
play3817-game2020092703.csv,1.7900000000000063,10.810257023322059,10.810257023322059,optimal,pitch_control,optimal
play3818-game2020120700.csv,14.320000000000007,1.9304864096330243,1.9304864096330243,optimal,pitch_control,optimal
play3832-game2020111200.csv,1.3400000000000034,4.866101565364669,4.866101565364669,optimal,pitch_control,optimal
play3835-game2020092011.csv,6.490000000000009,24.839302033919385,24.839302033919385,optimal,pitch_control,optimal
play3846-game2020112902.csv,28.259999999999998,2.1677433222388522,2.1677433222388522,optimal,pitch_control,optimal
play3874-game2020111505.csv,43.739999999999995,35.29076733962587,35.29076733962587,optimal,pitch_control,optimal
play388-game2020100405.csv,10.600000000000001,7.333928006191497,7.333928006191497,optimal,pitch_control,optimal
play3893-game2020121901.csv,11.219999999999999,1.8312867364536578,1.8312867364536578,optimal,pitch_control,optimal
play3902-game2020091310.csv,2.460000000000008,7.172259058344172,7.172259058344172,optimal,pitch_control,optimal
play3914-game2020122704.csv,2.519999999999996,4.63923485070545,4.63923485070545,optimal,pitch_control,optimal
play3921-game2020102200.csv,1.75,18.156567529256304,18.156567529256304,optimal,pitch_control,optimal
play394-game2020091401.csv,11.719999999999999,35.25534285750176,35.25534285750176,optimal,pitch_control,optimal
play3954-game2020091301.csv,9.08999999999999,15.020332885791845,15.020332885791845,optimal,pitch_control,optimal
play3959-game2020101108.csv,3.1899999999999977,5.669426778784608,5.669426778784608,optimal,pitch_control,optimal
play399-game2020091302.csv,10.439999999999998,3.3767588009806078,3.3767588009806078,optimal,pitch_control,optimal
play4014-game2020122600.csv,3.6599999999999824,3.8787297462499852,3.8787297462499852,optimal,pitch_control,optimal
play404-game2020101106.csv,6.530000000000001,13.0167012376835,13.0167012376835,optimal,pitch_control,optimal
play4046-game2020100800.csv,7.730000000000004,17.53765165848736,17.53765165848736,optimal,pitch_control,optimal
play405-game2020091311.csv,9.209999999999994,8.73687269247094,8.73687269247094,optimal,pitch_control,optimal
play405-game2020101801.csv,5.010000000000005,14.985691323540747,14.985691323540747,optimal,pitch_control,optimal
play4064-game2020112203.csv,3.039999999999992,8.06236317713361,8.06236317713361,optimal,pitch_control,optimal
play4074-game2020111506.csv,8.830000000000013,22.619093704213704,22.619093704213704,optimal,pitch_control,optimal
play4081-game2020122712.csv,15.399999999999977,6.070654367071514,6.070654367071514,optimal,pitch_control,optimal
play4087-game2020122704.csv,,,,optimal,pitch_control,optimal
play409-game2020091304.csv,3.9699999999999847,12.782133798566026,12.782133798566026,optimal,pitch_control,optimal
play410-game2020120609.csv,4.569999999999993,29.186701457604087,29.186701457604087,optimal,pitch_control,optimal
play4100-game2020122011.csv,5.8700000000000045,9.979229451451088,9.979229451451088,optimal,pitch_control,optimal
play4107-game2020110807.csv,15.170000000000002,11.03273764756509,11.03273764756509,optimal,pitch_control,optimal
play412-game2020112910.csv,12.629999999999995,2.265656637710134,2.265656637710134,optimal,pitch_control,optimal
play413-game2020121308.csv,2.5800000000000125,6.883555322341762,6.883555322341762,optimal,pitch_control,optimal
play4153-game2020100800.csv,5.740000000000009,5.296461082647545,5.296461082647545,optimal,pitch_control,optimal
play4173-game2020112212.csv,16.47,5.436692213306009,5.436692213306009,optimal,pitch_control,optimal
play4183-game2020111506.csv,15.07,5.584754048100758,5.584754048100758,optimal,pitch_control,optimal
play422-game2020112908.csv,20.419999999999973,2.4670327712546616,2.4670327712546616,optimal,pitch_control,optimal
play429-game2021010314.csv,1.509999999999991,9.458467106249305,9.458467106249305,optimal,pitch_control,optimal
play4318-game2020111506.csv,0.16999999999997328,20.836429903203456,20.836429903203456,optimal,pitch_control,optimal
play4341-game2020112300.csv,6.319999999999993,4.6584332130019845,4.6584332130019845,optimal,pitch_control,optimal
play4347-game2020101805.csv,6.070000000000007,9.002642821848358,9.002642821848358,optimal,pitch_control,optimal
play437-game2020091309.csv,6.040000000000006,20.76220604849109,20.76220604849109,optimal,pitch_control,optimal
play4378-game2020092012.csv,17.789999999999992,3.494824745248322,3.494824745248322,optimal,pitch_control,optimal
play438-game2020091400.csv,6.8300000000000125,2.601922366251539,2.601922366251539,optimal,pitch_control,optimal
play438-game2020122012.csv,15.959999999999994,23.107645920776957,23.107645920776957,optimal,pitch_control,optimal
play4380-game2020121312.csv,8.799999999999997,5.204161796101268,5.204161796101268,optimal,pitch_control,optimal
play4446-game2020092706.csv,0.10999999999999943,2.8808351412587125,2.8808351412587125,optimal,pitch_control,optimal
play445-game2020112201.csv,6.299999999999997,16.699713903071647,16.699713903071647,optimal,pitch_control,optimal
play4452-game2020092700.csv,8.710000000000008,7.135484199802066,7.135484199802066,optimal,pitch_control,optimal
play4487-game2020120600.csv,4.989999999999981,7.674988237414075,7.674988237414075,optimal,pitch_control,optimal
play4488-game2020112900.csv,5.210000000000008,1.2552865985281823,1.2552865985281823,optimal,pitch_control,optimal
play4530-game2020092706.csv,9.150000000000006,2.6394885868288966,2.6394885868288966,optimal,pitch_control,optimal
play456-game2020110806.csv,17.179999999999993,8.353482972854975,8.353482972854975,optimal,pitch_control,optimal
play4564-game2020092001.csv,1.2399999999999949,7.566711367454644,7.566711367454644,optimal,pitch_control,optimal
play4604-game2020110108.csv,0.8399999999999892,4.730092787438506,4.730092787438506,optimal,pitch_control,optimal
play461-game2020102509.csv,8.580000000000013,8.852821270332102,8.852821270332102,optimal,pitch_control,optimal
play463-game2020112206.csv,1.019999999999996,19.697070848225124,19.697070848225124,optimal,pitch_control,optimal
play4663-game2020092706.csv,1.2000000000000028,15.90723062903594,15.90723062903594,optimal,pitch_control,optimal
play4746-game2020120604.csv,1.8500000000000227,4.624439906025836,4.624439906025836,optimal,pitch_control,optimal
play4767-game2020110108.csv,15.920000000000002,5.870689908349783,5.870689908349783,optimal,pitch_control,optimal
play482-game2020100413.csv,12.350000000000009,8.218716444798417,8.218716444798417,optimal,pitch_control,optimal
play482-game2020110811.csv,11.900000000000006,0.6630987860040176,0.6630987860040176,optimal,pitch_control,optimal
play485-game2021010304.csv,1.75,6.800792437486802,6.800792437486802,optimal,pitch_control,optimal
play488-game2020101806.csv,4.229999999999976,30.05018735533445,30.05018735533445,optimal,pitch_control,optimal
play500-game2020100501.csv,11.700000000000003,5.270015889354456,5.270015889354456,optimal,pitch_control,optimal
play503-game2020111501.csv,8.969999999999999,2.9915213520882604,2.9915213520882604,optimal,pitch_control,optimal
play5039-game2020092706.csv,1.0500000000000114,6.943854197138001,6.943854197138001,optimal,pitch_control,optimal
play504-game2020110103.csv,4.0,2.118454625428641,2.118454625428641,optimal,pitch_control,optimal
play504-game2020121309.csv,14.939999999999998,10.300728129603264,10.300728129603264,optimal,pitch_control,optimal
play507-game2021010303.csv,13.279999999999994,6.640248489326284,6.640248489326284,optimal,pitch_control,optimal
play509-game2020112902.csv,14.480000000000004,2.874579621440323,2.874579621440323,optimal,pitch_control,optimal
play510-game2020120608.csv,5.230000000000004,17.596750392494155,17.596750392494155,optimal,pitch_control,optimal
play511-game2020101811.csv,14.309999999999988,23.914053746005596,23.914053746005596,optimal,pitch_control,optimal
play516-game2020122705.csv,15.29000000000002,1.2193341192816824,1.2193341192816824,optimal,pitch_control,optimal
play517-game2020102513.csv,10.679999999999993,11.942579022238965,11.942579022238965,optimal,pitch_control,optimal
play519-game2020121312.csv,28.22,11.253239533574321,11.253239533574321,optimal,pitch_control,optimal
play522-game2020100409.csv,3.719999999999999,9.707240138737225,9.707240138737225,optimal,pitch_control,optimal
play530-game2020122010.csv,2.200000000000003,3.4585837238263486,3.4585837238263486,optimal,pitch_control,optimal
play537-game2020102503.csv,19.13000000000001,14.31261280907179,14.31261280907179,optimal,pitch_control,optimal
play539-game2020091309.csv,4.6299999999999955,1.397561368161614,1.397561368161614,optimal,pitch_control,optimal
play539-game2020110112.csv,8.349999999999994,12.66913353171575,12.66913353171575,optimal,pitch_control,optimal
play542-game2020110807.csv,7.159999999999997,24.98551135714012,24.98551135714012,optimal,pitch_control,optimal
play551-game2020122800.csv,4.329999999999998,10.083907972606651,10.083907972606651,optimal,pitch_control,optimal
play554-game2020111900.csv,7.230000000000004,15.162275554810366,15.162275554810366,optimal,pitch_control,optimal
play554-game2020112205.csv,1.1599999999999966,35.36673529290493,35.36673529290493,optimal,pitch_control,optimal
play569-game2020091311.csv,11.590000000000018,22.807159938151976,22.807159938151976,optimal,pitch_control,optimal
play574-game2020120602.csv,8.02000000000001,24.840419486751383,24.840419486751383,optimal,pitch_control,optimal
play575-game2020101806.csv,5.019999999999996,15.794644662036562,15.794644662036562,optimal,pitch_control,optimal
play584-game2020120603.csv,4.540000000000006,48.93703543204187,48.93703543204187,optimal,pitch_control,optimal
play585-game2020101805.csv,11.540000000000006,5.721469314005891,5.721469314005891,optimal,pitch_control,optimal
play588-game2020122005.csv,3.5600000000000023,4.620574759822748,4.620574759822748,optimal,pitch_control,optimal
play593-game2020102600.csv,14.329999999999998,3.3601339259023595,3.3601339259023595,optimal,pitch_control,optimal
play598-game2020122601.csv,3.569999999999993,9.41160158763876,9.41160158763876,optimal,pitch_control,optimal
play621-game2020101900.csv,1.5300000000000011,12.653512467997881,12.653512467997881,optimal,pitch_control,optimal
play623-game2020092702.csv,3.339999999999989,14.461680400285438,14.461680400285438,optimal,pitch_control,optimal
play625-game2020120605.csv,12.570000000000007,3.917103521736437,3.917103521736437,optimal,pitch_control,optimal
play630-game2020092012.csv,0.3300000000000125,10.503944232736785,10.503944232736785,optimal,pitch_control,optimal
play633-game2020092010.csv,1.3100000000000023,6.58635711148432,6.58635711148432,optimal,pitch_control,optimal
play636-game2020102513.csv,6.040000000000006,3.7236063761418796,3.7236063761418796,optimal,pitch_control,optimal
play636-game2020121306.csv,5.930000000000007,3.5528970964239575,3.5528970964239575,optimal,pitch_control,optimal
play636-game2020122600.csv,8.920000000000002,14.05666192395778,14.05666192395778,optimal,pitch_control,optimal
play641-game2020112910.csv,2.5400000000000063,15.446944681716188,15.446944681716188,optimal,pitch_control,optimal
play655-game2020091309.csv,14.769999999999996,8.181980200416033,8.181980200416033,optimal,pitch_control,optimal
play656-game2020110802.csv,6.699999999999989,6.662753017918181,6.662753017918181,optimal,pitch_control,optimal
play657-game2020120200.csv,5.189999999999998,10.471237324743964,10.471237324743964,optimal,pitch_control,optimal
play659-game2020110810.csv,1.5400000000000063,4.933238800395585,4.933238800395585,optimal,pitch_control,optimal
play664-game2020102502.csv,9.599999999999994,1.409006742354351,1.409006742354351,optimal,pitch_control,optimal
play665-game2020101105.csv,2.219999999999999,5.451395336160375,5.451395336160375,optimal,pitch_control,optimal
play666-game2020111900.csv,7.190000000000012,1.4498314078233707,1.4498314078233707,optimal,pitch_control,optimal
play672-game2020101807.csv,14.090000000000003,10.50894909641831,10.50894909641831,optimal,pitch_control,optimal
play674-game2020110112.csv,3.819999999999993,17.309997111496003,17.309997111496003,optimal,pitch_control,optimal
play675-game2020101805.csv,4.920000000000002,2.034944716693798,2.034944716693798,optimal,pitch_control,optimal
play675-game2020102200.csv,14.079999999999998,5.8781724295150655,5.8781724295150655,optimal,pitch_control,optimal
play683-game2020102512.csv,7.209999999999994,8.671082052385053,8.671082052385053,optimal,pitch_control,optimal
play683-game2020122100.csv,10.600000000000023,2.477494253833461,2.477494253833461,optimal,pitch_control,optimal
play684-game2020092711.csv,4.390000000000015,14.411993953845029,14.411993953845029,optimal,pitch_control,optimal
play686-game2020112204.csv,4.230000000000004,2.695943454731775,2.695943454731775,optimal,pitch_control,optimal
play688-game2020122702.csv,20.620000000000005,11.640394227764709,11.640394227764709,optimal,pitch_control,optimal
play689-game2020120604.csv,3.3799999999999955,7.84354370025295,7.84354370025295,optimal,pitch_control,optimal
play695-game2020122708.csv,5.700000000000003,6.13504686208671,6.13504686208671,optimal,pitch_control,optimal
play697-game2020122707.csv,14.399999999999991,2.0341583025910257,2.0341583025910257,optimal,pitch_control,optimal
play730-game2020110803.csv,2.3299999999999983,22.1398870819162,22.1398870819162,optimal,pitch_control,optimal
play733-game2020122712.csv,1.6899999999999977,8.505214740250697,8.505214740250697,optimal,pitch_control,optimal
play740-game2020091302.csv,2.819999999999993,14.200000417311712,14.200000417311712,optimal,pitch_control,optimal
play745-game2020110806.csv,22.039999999999992,12.867323385658379,12.867323385658379,optimal,pitch_control,optimal
play758-game2020122005.csv,3.8999999999999915,2.7202941017470916,2.7202941017470916,optimal,pitch_control,optimal
play762-game2020110807.csv,0.730000000000004,4.459831835394695,4.459831835394695,optimal,pitch_control,optimal
play771-game2020100401.csv,16.729999999999997,3.069364755124421,3.069364755124421,optimal,pitch_control,optimal
play772-game2020101200.csv,13.840000000000003,3.691314129141544,3.691314129141544,optimal,pitch_control,optimal
play787-game2020112203.csv,6.450000000000003,9.719629622573073,9.719629622573073,optimal,pitch_control,optimal
play789-game2020112910.csv,10.419999999999987,11.420400105961562,11.420400105961562,optimal,pitch_control,optimal
play790-game2020101806.csv,1.8000000000000043,20.58186094598834,20.58186094598834,optimal,pitch_control,optimal
play792-game2020101805.csv,4.960000000000008,1.6162542429264597,1.6162542429264597,optimal,pitch_control,optimal
play792-game2020110811.csv,8.740000000000002,3.6108863177895807,3.6108863177895807,optimal,pitch_control,optimal
play799-game2020100409.csv,10.170000000000002,9.020138579866716,9.020138579866716,optimal,pitch_control,optimal
play803-game2020111900.csv,0.8400000000000034,38.95618769635698,38.95618769635698,optimal,pitch_control,optimal
play804-game2020101801.csv,4.209999999999994,7.617923057807667,7.617923057807667,optimal,pitch_control,optimal
play815-game2020122712.csv,6.38000000000001,15.172267464027913,15.172267464027913,optimal,pitch_control,optimal
play817-game2020100407.csv,41.92,0.6020797289396154,0.6020797289396154,optimal,pitch_control,optimal
play820-game2020122709.csv,25.88000000000001,6.4013201763386265,6.4013201763386265,optimal,pitch_control,optimal
play826-game2020121700.csv,1.0500000000000114,7.65065356685297,7.65065356685297,optimal,pitch_control,optimal
play832-game2020121304.csv,5.939999999999998,7.8506369168367485,7.8506369168367485,optimal,pitch_control,optimal
play842-game2020120604.csv,6.539999999999992,8.969158265968998,8.969158265968998,optimal,pitch_control,optimal
play845-game2020092000.csv,12.070000000000007,6.51052225247714,6.51052225247714,optimal,pitch_control,optimal
play859-game2020092008.csv,0.9099999999999966,8.471486632625847,8.471486632625847,optimal,pitch_control,optimal
play859-game2020121307.csv,4.509999999999991,9.967431966158586,9.967431966158586,optimal,pitch_control,optimal
play861-game2020112205.csv,0.030000000000001137,6.075329150845677,6.075329150845677,optimal,pitch_control,optimal
play868-game2020100404.csv,12.480000000000004,27.34956936488113,27.34956936488113,optimal,pitch_control,optimal
play870-game2020120611.csv,76.32,1.6198765385053306,1.6198765385053306,optimal,pitch_control,optimal
play875-game2020092010.csv,11.869999999999976,1.4900233033226407,1.4900233033226407,optimal,pitch_control,optimal
play876-game2020101300.csv,43.10000000000001,4.421192649551077,4.421192649551077,optimal,pitch_control,optimal
play876-game2020112212.csv,4.6499999999999915,3.4619856216403346,3.4619856216403346,optimal,pitch_control,optimal
play886-game2020121310.csv,12.689999999999998,3.9000128204917464,3.9000128204917464,optimal,pitch_control,optimal
play892-game2021010307.csv,18.230000000000004,42.15417584624802,42.15417584624802,optimal,pitch_control,optimal
play894-game2020110900.csv,15.310000000000002,1.1624734166614068,1.1624734166614068,optimal,pitch_control,optimal
play909-game2020091700.csv,13.039999999999992,18.605329284314692,18.605329284314692,optimal,pitch_control,optimal
play916-game2020121306.csv,9.670000000000002,4.940333996806286,4.940333996806286,optimal,pitch_control,optimal
play918-game2020100410.csv,14.900000000000006,4.534638292570251,4.534638292570251,optimal,pitch_control,optimal
play918-game2020110110.csv,9.799999999999997,10.703750640676283,10.703750640676283,optimal,pitch_control,optimal
play923-game2020111512.csv,17.95000000000003,1.846245746375349,1.846245746375349,optimal,pitch_control,optimal
play930-game2020100407.csv,2.8300000000000267,4.202988354862647,4.202988354862647,optimal,pitch_control,optimal
play930-game2021010310.csv,,,,optimal,pitch_control,optimal
play932-game2020101800.csv,1.769999999999996,8.284449287671452,8.284449287671452,optimal,pitch_control,optimal
play934-game2020110103.csv,11.77000000000001,2.9658894112896377,2.9658894112896377,optimal,pitch_control,optimal
play934-game2020122012.csv,1.5600000000000023,19.67257679557454,19.67257679557454,optimal,pitch_control,optimal
play937-game2021010301.csv,8.459999999999994,1.1796656776863046,1.1796656776863046,optimal,pitch_control,optimal
play944-game2020092700.csv,7.560000000000002,16.958617606134975,16.958617606134975,optimal,pitch_control,optimal
play958-game2020122708.csv,3.5500000000000114,6.233632791380796,6.233632791380796,optimal,pitch_control,optimal
play965-game2020110111.csv,5.900000000000006,9.594040395532586,9.594040395532586,optimal,pitch_control,optimal
play977-game2020112902.csv,7.359999999999999,6.423768364441545,6.423768364441545,optimal,pitch_control,optimal
play978-game2020122600.csv,3.509999999999998,18.57606237576817,18.57606237576817,optimal,pitch_control,optimal
play986-game2020091311.csv,7.65000000000002,13.86857398741646,13.86857398741646,optimal,pitch_control,optimal
play987-game2020111502.csv,5.820000000000007,5.567241487287734,5.567241487287734,optimal,pitch_control,optimal
play987-game2020112300.csv,7.810000000000002,2.8836782067352797,2.8836782067352797,optimal,pitch_control,optimal
play997-game2020102507.csv,0.6999999999999886,2.404782272426716,2.404782272426716,optimal,pitch_control,optimal
